-- MySQL dump 10.13  Distrib 8.0.45, for Win64 (x86_64)
--
-- Host: localhost    Database: store_api
-- ------------------------------------------------------
-- Server version	8.0.45

/*!40101 SET @OLD_CHARACTER_SET_CLIENT=@@CHARACTER_SET_CLIENT */;
/*!40101 SET @OLD_CHARACTER_SET_RESULTS=@@CHARACTER_SET_RESULTS */;
/*!40101 SET @OLD_COLLATION_CONNECTION=@@COLLATION_CONNECTION */;
/*!50503 SET NAMES utf8mb4 */;
/*!40103 SET @OLD_TIME_ZONE=@@TIME_ZONE */;
/*!40103 SET TIME_ZONE='+00:00' */;
/*!40014 SET @OLD_UNIQUE_CHECKS=@@UNIQUE_CHECKS, UNIQUE_CHECKS=0 */;
/*!40014 SET @OLD_FOREIGN_KEY_CHECKS=@@FOREIGN_KEY_CHECKS, FOREIGN_KEY_CHECKS=0 */;
/*!40101 SET @OLD_SQL_MODE=@@SQL_MODE, SQL_MODE='NO_AUTO_VALUE_ON_ZERO' */;
/*!40111 SET @OLD_SQL_NOTES=@@SQL_NOTES, SQL_NOTES=0 */;

--
-- Table structure for table `addresses`
--

DROP TABLE IF EXISTS `addresses`;
/*!40101 SET @saved_cs_client     = @@character_set_client */;
/*!50503 SET character_set_client = utf8mb4 */;
CREATE TABLE `addresses` (
  `id` bigint NOT NULL AUTO_INCREMENT,
  `street` varchar(255) NOT NULL,
  `city` varchar(255) NOT NULL,
  `state` varchar(255) NOT NULL,
  `zip` varchar(255) NOT NULL,
  `user_id` bigint NOT NULL,
  PRIMARY KEY (`id`),
  KEY `addresses_users_id_fk` (`user_id`),
  CONSTRAINT `addresses_users_id_fk` FOREIGN KEY (`user_id`) REFERENCES `users` (`id`)
) ENGINE=InnoDB AUTO_INCREMENT=118 DEFAULT CHARSET=utf8mb4 COLLATE=utf8mb4_0900_ai_ci;
/*!40101 SET character_set_client = @saved_cs_client */;

--
-- Dumping data for table `addresses`
--

LOCK TABLES `addresses` WRITE;
/*!40000 ALTER TABLE `addresses` DISABLE KEYS */;
INSERT INTO `addresses` VALUES (1,'123 Maple St','Los Angeles','CA','90001',2),(2,'456 Oak Ave','San Diego','CA','92101',3),(3,'100','NEW YORK CITY','NEW YORK','10010',10),(4,'101 Cedar Blvd','Austin','TX','73301',5),(5,'202 Birch Ln','Miami','FL','33101',6),(6,'303 Walnut St','Orlando','FL','32801',7),(7,'404 Cherry Ave','New York','NY','10001',8),(8,'505 Spruce Dr','Chicago','IL','60601',2),(9,'606 Aspen Way','Houston','TX','77001',3),(10,'707 Poplar Ct','Phoenix','AZ','85001',4),(12,'12 Rue de Rivoli','Paris','Île-de-France','75001',2),(13,'45 Avenue des Champs-Élysées','Paris','Île-de-France','75008',3),(14,'23 Rue Paradis','Marseille','Provence-Alpes-Côte d\'Azur','13001',4),(15,'78 Rue Nationale','Lille','Hauts-de-France','59000',5),(16,'10 Downing Street','London','England','SW1A 2AA',6),(17,'221B Baker Street','London','England','NW1 6XE',7),(18,'1600 Pennsylvania Ave','Washington','DC','20500',8),(19,'350 5th Avenue','New York','NY','10118',9),(20,'1 Infinite Loop','Cupertino','CA','95014',10),(21,'160 Amphitheatre Parkway','Mountain View','CA','94043',11),(22,'Platz der Republik 1','Berlin','Berlin','11011',12),(23,'Marienplatz 1','Munich','Bavaria','80331',13),(24,'Piazza del Colosseo','Rome','Lazio','00184',14),(25,'Via Monte Napoleone','Milan','Lombardy','20121',15),(26,'Gran Via 1','Madrid','Community of Madrid','28013',16),(27,'La Rambla 50','Barcelona','Catalonia','08002',17),(28,'Dam Square 1','Amsterdam','North Holland','1012JS',18),(29,'Kärntner Straße 1','Vienna','Vienna','1010',19),(30,'Bahnhofstrasse 1','Zurich','Zurich','8001',20),(31,'Brussels Central','Brussels','Brussels','1000',21),(32,'Rua Augusta 1','Lisbon','Lisbon','1100-048',22),(33,'O\'Connell Street','Dublin','Leinster','D01',23),(34,'Karl Johans gate 1','Oslo','Oslo','0154',24),(35,'Drottninggatan 1','Stockholm','Stockholm','11151',25),(36,'Aleksanterinkatu 1','Helsinki','Uusimaa','00100',26),(37,'Strøget 1','Copenhagen','Capital Region','1000',27),(38,'Red Square','Moscow','Moscow','109012',28),(39,'Nevsky Prospekt','Saint Petersburg','SPB','191025',29),(40,'Taksim Square','Istanbul','Istanbul','34435',30),(41,'Sheikh Zayed Road','Dubai','Dubai','00000',31),(42,'King Fahd Road','Riyadh','Riyadh','12271',32),(43,'Hamra Street','Beirut','Beirut','1103',33),(44,'Allenby Street','Tel Aviv','Tel Aviv','61000',34),(45,'MG Road','Bangalore','Karnataka','560001',35),(46,'Connaught Place','New Delhi','Delhi','110001',36),(47,'Nariman Point','Mumbai','Maharashtra','400021',37),(48,'Orchard Road','Singapore','Singapore','238888',38),(49,'Nathan Road','Hong Kong','Kowloon','999077',39),(50,'Shibuya Crossing','Tokyo','Tokyo','150-0002',40),(51,'Gangnam-daero','Seoul','Seoul','06134',41),(52,'George Street','Sydney','NSW','2000',42),(53,'Collins Street','Melbourne','VIC','3000',43),(54,'Queen Street','Auckland','Auckland','1010',44),(55,'Yonge Street','Toronto','Ontario','M5B',45),(56,'Rue Sainte-Catherine','Montreal','Quebec','H3B',46),(57,'Avenida Paulista','São Paulo','SP','01311-000',47),(58,'Copacabana Ave','Rio de Janeiro','RJ','22070-011',48),(59,'Av. Corrientes','Buenos Aires','BA','C1043',49),(60,'Calle 26','Bogotá','Cundinamarca','110311',50),(61,'Av. Reforma','Mexico City','CDMX','06600',51),(62,'Sunset Boulevard','Los Angeles','CA','90028',52),(63,'Las Vegas Blvd','Las Vegas','NV','89109',53),(64,'Michigan Avenue','Chicago','IL','60611',54),(65,'Peachtree Street','Atlanta','GA','30303',55),(66,'Market Street','San Francisco','CA','94103',56),(67,'Broad Street','Philadelphia','PA','19107',57),(68,'Beacon Street','Boston','MA','02108',58),(69,'Brickell Ave','Miami','FL','33131',59),(70,'Canal Street','New Orleans','LA','70112',60),(71,'King Street','Charleston','SC','29401',61),(72,'Main Street','Dallas','TX','75201',62),(73,'Congress Ave','Austin','TX','78701',63),(74,'16th Street Mall','Denver','CO','80202',64),(75,'1st Avenue','Seattle','WA','98101',65),(76,'Granville Street','Vancouver','BC','V6Z',66),(77,'Rue Sherbrooke','Montreal','QC','H3A',67),(78,'Oxford Street','London','England','W1D',68),(79,'Champs-Élysées','Paris','Île-de-France','75008',69),(80,'Via del Corso','Rome','Lazio','00186',70),(81,'Passeig de Gràcia','Barcelona','Catalonia','08007',71),(82,'Friedrichstrasse','Berlin','Berlin','10117',72),(83,'Stephansplatz','Vienna','Vienna','1010',73),(84,'Zhongshan Road','Shanghai','Shanghai','200000',74),(85,'Nanjing Road','Shanghai','Shanghai','200001',75),(86,'Chang’an Avenue','Beijing','Beijing','100006',76),(87,'Nathan Road','Hong Kong','Kowloon','999077',77),(88,'สุขุมวิท','Bangkok','Bangkok','10110',78),(89,'Jalan Sudirman','Jakarta','Jakarta','10220',79),(90,'Ayala Avenue','Makati','Metro Manila','1226',80),(91,'Nguyễn Huệ','Ho Chi Minh City','HCMC','700000',81),(92,'Khao San Road','Bangkok','Bangkok','10200',82),(93,'Galle Road','Colombo','Western','00300',83),(94,'Blue Area','Islamabad','ICT','44000',84),(95,'Gulshan Ave','Dhaka','Dhaka','1212',85),(96,'Victoria Island','Lagos','Lagos','101241',86),(97,'Kenyatta Ave','Nairobi','Nairobi','00100',87),(98,'Long Street','Cape Town','Western Cape','8001',88),(99,'Oxford Rd','Johannesburg','Gauteng','2196',89),(100,'Rue Didouche Mourad','Algiers','Algiers','16000',90),(101,'Mohamed V Ave','Casablanca','Casablanca','20000',91),(102,'Habib Bourguiba Ave','Tunis','Tunis','1000',92),(103,'Tripoli Center','Tripoli','Tripoli','218',93),(104,'Valletta Street','Valletta','Malta','VLT',94),(105,'Marina Bay Sands','Singapore','Singapore','018956',95),(106,'Burj Khalifa Blvd','Dubai','Dubai','00000',96),(107,'Corniche Road','Abu Dhabi','Abu Dhabi','00000',97),(108,'Doha Corniche','Doha','Doha','00000',98),(109,'Salmiya Street','Kuwait City','Kuwait','20001',99),(110,'Manama Center','Manama','Capital','321',100),(111,'Muscat Road','Muscat','Muscat','100',101),(112,'Tehran Street','Tehran','Tehran','11369',102),(113,'Baghdad Center','Baghdad','Baghdad','10001',103),(114,'Damascus Road','Damascus','Damascus','0100',104),(115,'Amman Downtown','Amman','Amman','11118',105),(116,'Sana\'a Street','Sanaa','Sanaa','00000',106),(117,'Khartoum Ave','Khartoum','Khartoum','11111',107);
/*!40000 ALTER TABLE `addresses` ENABLE KEYS */;
UNLOCK TABLES;

--
-- Table structure for table `categories`
--

DROP TABLE IF EXISTS `categories`;
/*!40101 SET @saved_cs_client     = @@character_set_client */;
/*!50503 SET character_set_client = utf8mb4 */;
CREATE TABLE `categories` (
  `id` tinyint NOT NULL AUTO_INCREMENT,
  `name` varchar(255) NOT NULL,
  PRIMARY KEY (`id`)
) ENGINE=InnoDB AUTO_INCREMENT=11 DEFAULT CHARSET=utf8mb4 COLLATE=utf8mb4_0900_ai_ci;
/*!40101 SET character_set_client = @saved_cs_client */;

--
-- Dumping data for table `categories`
--

LOCK TABLES `categories` WRITE;
/*!40000 ALTER TABLE `categories` DISABLE KEYS */;
INSERT INTO `categories` VALUES (1,'Electronics'),(2,'Clothing'),(3,'Home & Kitchen'),(4,'Books'),(5,'Sports'),(6,'Beauty'),(7,'Toys'),(8,'Automotive'),(9,'Garden'),(10,'Health');
/*!40000 ALTER TABLE `categories` ENABLE KEYS */;
UNLOCK TABLES;

--
-- Table structure for table `flyway_schema_history`
--

DROP TABLE IF EXISTS `flyway_schema_history`;
/*!40101 SET @saved_cs_client     = @@character_set_client */;
/*!50503 SET character_set_client = utf8mb4 */;
CREATE TABLE `flyway_schema_history` (
  `installed_rank` int NOT NULL,
  `version` varchar(50) DEFAULT NULL,
  `description` varchar(200) NOT NULL,
  `type` varchar(20) NOT NULL,
  `script` varchar(1000) NOT NULL,
  `checksum` int DEFAULT NULL,
  `installed_by` varchar(100) NOT NULL,
  `installed_on` timestamp NOT NULL DEFAULT CURRENT_TIMESTAMP,
  `execution_time` int NOT NULL,
  `success` tinyint(1) NOT NULL,
  PRIMARY KEY (`installed_rank`),
  KEY `flyway_schema_history_s_idx` (`success`)
) ENGINE=InnoDB DEFAULT CHARSET=utf8mb4 COLLATE=utf8mb4_0900_ai_ci;
/*!40101 SET character_set_client = @saved_cs_client */;

--
-- Dumping data for table `flyway_schema_history`
--

LOCK TABLES `flyway_schema_history` WRITE;
/*!40000 ALTER TABLE `flyway_schema_history` DISABLE KEYS */;
INSERT INTO `flyway_schema_history` VALUES (1,'1','initial migration','SQL','V1__initial_migration.sql',1290928148,'root','2026-03-17 22:33:25',424,1);
/*!40000 ALTER TABLE `flyway_schema_history` ENABLE KEYS */;
UNLOCK TABLES;

--
-- Table structure for table `products`
--

DROP TABLE IF EXISTS `products`;
/*!40101 SET @saved_cs_client     = @@character_set_client */;
/*!50503 SET character_set_client = utf8mb4 */;
CREATE TABLE `products` (
  `id` bigint NOT NULL AUTO_INCREMENT,
  `name` varchar(255) NOT NULL,
  `price` decimal(10,2) NOT NULL,
  `description` longtext NOT NULL,
  `category_id` tinyint DEFAULT NULL,
  PRIMARY KEY (`id`),
  KEY `fk_category` (`category_id`),
  CONSTRAINT `fk_category` FOREIGN KEY (`category_id`) REFERENCES `categories` (`id`)
) ENGINE=InnoDB AUTO_INCREMENT=2295 DEFAULT CHARSET=utf8mb4 COLLATE=utf8mb4_0900_ai_ci;
/*!40101 SET character_set_client = @saved_cs_client */;

--
-- Dumping data for table `products`
--

LOCK TABLES `products` WRITE;
/*!40000 ALTER TABLE `products` DISABLE KEYS */;
INSERT INTO `products` VALUES (1,'Iphone 16',1700.00,'Telephone de luxe',1),(2,'Onitsuka Tiger Corsair',300.00,'Chaussure de luxe',1),(3,'Lenovo X1 Carbon Gen 13 Aura Edition',1000.00,'Laptop De Luxe',1),(4,'Brooks Goat',120.00,'Running shoes de luxe',1),(5,'Lenovo X1 Carbon Gen 7',350.00,'PC de luxe',1),(6,'Macbook Air M2',700.00,'PC de Luxe',1),(11,'Smartphone X',699.99,'High-end smartphone',1),(12,'Laptop Pro',1299.99,'Powerful laptop for professionals',1),(13,'Wireless Earbuds',99.99,'Noise-cancelling earbuds',1),(14,'T-Shirt Basic',19.99,'Comfortable cotton t-shirt',2),(15,'Jeans Slim Fit',49.99,'Stylish slim jeans',2),(16,'Jacket Winter',89.99,'Warm winter jacket',2),(17,'Blender 3000',59.99,'Kitchen blender',3),(18,'Coffee Maker',79.99,'Automatic coffee machine',3),(19,'Cookware Set',129.99,'Non-stick cookware set',3),(20,'Novel A',14.99,'Fiction novel',4),(21,'Cookbook Pro',24.99,'Recipes from around the world',4),(22,'Notebook',4.99,'Paper notebook',4),(23,'Football',29.99,'Standard size football',5),(24,'Tennis Racket',89.99,'Professional racket',5),(25,'Yoga Mat',19.99,'Non-slip mat',5),(26,'Face Cream',15.99,'Moisturizing cream',6),(27,'Perfume Classic',49.99,'Elegant fragrance',6),(28,'Hair Dryer',34.99,'Fast drying hair tool',6),(29,'Toy Car',9.99,'Mini toy car',7),(30,'Doll House',59.99,'Wooden doll house',7),(31,'Puzzle 1000',14.99,'1000-piece puzzle',7),(32,'Car Vacuum',39.99,'Portable vacuum',8),(33,'Motor Oil',29.99,'Engine oil',8),(34,'Car Cover',49.99,'Protective cover',8),(35,'Garden Hose',24.99,'Flexible hose',9),(36,'Lawn Mower',199.99,'Electric mower',9),(37,'Plant Pot',12.99,'Ceramic pot',9),(38,'Vitamins Pack',19.99,'Daily vitamins',10),(39,'Protein Powder',39.99,'Fitness supplement',10),(40,'First Aid Kit',29.99,'Emergency kit',10),(41,'Tablet Z',399.99,'Portable tablet',1),(42,'Smartwatch',199.99,'Fitness smartwatch',1),(43,'Gaming Mouse',59.99,'RGB gaming mouse',1),(44,'Hoodie Classic',39.99,'Warm hoodie',2),(45,'Sneakers Run',79.99,'Running shoes',2),(46,'Cap Sport',14.99,'Sport cap',2),(47,'Microwave Oven',99.99,'Compact microwave',3),(48,'Toaster',29.99,'2-slice toaster',3),(49,'Knife Set',49.99,'Kitchen knives',3),(50,'Sci-Fi Book',19.99,'Science fiction novel',4),(51,'History Book',29.99,'World history',4),(52,'Sketch Book',9.99,'Drawing notebook',4),(53,'Basketball',24.99,'Indoor/outdoor ball',5),(54,'Dumbbells',49.99,'Weight set',5),(55,'Skipping Rope',9.99,'Fitness rope',5),(56,'Lipstick',12.99,'Matte lipstick',6),(57,'Shampoo',8.99,'Hair shampoo',6),(58,'Conditioner',9.99,'Hair conditioner',6),(59,'RC Drone',99.99,'Remote drone',7),(60,'Building Blocks',29.99,'Kids blocks',7),(61,'Board Game',34.99,'Family game',7),(62,'Car Charger',14.99,'USB charger',8),(63,'Seat Cover',39.99,'Car seat cover',8),(64,'Tire Pump',24.99,'Portable pump',8),(65,'Garden Chair',49.99,'Outdoor chair',9),(66,'BBQ Grill',149.99,'Charcoal grill',9),(67,'Watering Can',15.99,'Metal can',9),(68,'Thermometer',9.99,'Digital thermometer',10),(69,'Blood Pressure Monitor',49.99,'Health monitor',10),(70,'Hand Sanitizer',4.99,'Alcohol sanitizer',10),(71,'Camera HD',599.99,'Digital camera',1),(72,'Tripod Stand',49.99,'Camera tripod',1),(73,'USB Drive 64GB',19.99,'Flash drive',1),(74,'Formal Shirt',29.99,'Office shirt',2),(75,'Dress Elegant',69.99,'Evening dress',2),(76,'Socks Pack',9.99,'Cotton socks',2),(77,'Dishwasher',399.99,'Kitchen dishwasher',3),(78,'Electric Kettle',24.99,'Boiling kettle',3),(79,'Rice Cooker',59.99,'Automatic cooker',3),(80,'Poetry Book',12.99,'Poems collection',4),(81,'Comics Pack',19.99,'Comic bundle',4),(82,'Magazine',5.99,'Monthly magazine',4),(83,'Cycling Helmet',39.99,'Safety helmet',5),(84,'Fitness Tracker',59.99,'Activity tracker',5),(85,'Boxing Gloves',29.99,'Training gloves',5),(86,'Body Lotion',11.99,'Skin lotion',6),(87,'Face Wash',7.99,'Gentle cleanser',6),(88,'Nail Kit',14.99,'Manicure set',6),(89,'Toy Train',24.99,'Electric train',7),(90,'Action Figure',19.99,'Hero figure',7),(91,'Kids Bike',99.99,'Children bicycle',7),(92,'GPS Navigator',129.99,'Car GPS',8),(93,'Dash Cam',79.99,'Car camera',8),(94,'Steering Cover',19.99,'Wheel cover',8),(95,'Garden Table',89.99,'Outdoor table',9),(96,'Solar Light',19.99,'Garden light',9),(97,'Grass Seeds',14.99,'Lawn seeds',9),(98,'Glucose Meter',39.99,'Blood sugar monitor',10),(99,'Face Mask Pack',6.99,'Disposable masks',10),(100,'Pain Relief Gel',8.99,'Muscle relief',10),(101,'Billet de concert',200.00,'Concert de linkin park',1),(102,'Galaxy S24 Ultra',1199.99,'Premium Samsung smartphone',1),(103,'Sony WH-1000XM5',349.99,'Noise cancelling headphones',1),(104,'Dell XPS 15',1499.99,'High-end ultrabook laptop',1),(105,'iPad Pro M4',999.99,'Apple tablet device',1),(106,'Asus ROG Laptop',1799.99,'Gaming laptop powerhouse',1),(107,'Logitech MX Master 3S',99.99,'Advanced wireless mouse',1),(108,'Mechanical Keyboard RGB',129.99,'Gaming keyboard',1),(109,'4K Monitor LG',399.99,'Ultra HD display',1),(110,'External SSD 1TB',149.99,'Fast storage device',1),(111,'GoPro Hero 12',499.99,'Action camera',1),(112,'Leather Jacket',199.99,'Premium leather jacket',2),(113,'Denim Jacket',89.99,'Classic denim wear',2),(114,'Running Shorts',29.99,'Lightweight sports shorts',2),(115,'Sports Leggings',39.99,'Stretch fitness leggings',2),(116,'Winter Coat',149.99,'Heavy winter coat',2),(117,'Polo Shirt',34.99,'Casual polo shirt',2),(118,'Cargo Pants',59.99,'Utility pants',2),(119,'Summer Dress',49.99,'Light summer dress',2),(120,'Beanie Hat',14.99,'Warm winter hat',2),(121,'Leather Belt',24.99,'Genuine leather belt',2),(122,'Smart Refrigerator',899.99,'Connected fridge',3),(123,'Vacuum Cleaner Pro',199.99,'High suction vacuum',3),(124,'Espresso Machine',299.99,'Barista coffee maker',3),(125,'Food Processor',149.99,'Multi-function processor',3),(126,'Induction Cooktop',249.99,'Electric stove',3),(127,'Air Purifier',179.99,'Clean air system',3),(128,'Hand Mixer',39.99,'Kitchen mixer',3),(129,'Juicer Machine',99.99,'Fruit juice maker',3),(130,'Freezer Box',399.99,'Deep freezer',3),(131,'Dish Rack',29.99,'Kitchen organizer',3),(132,'Fantasy Novel',17.99,'Epic fantasy book',4),(133,'Biography Book',21.99,'Life story book',4),(134,'Children Story Book',9.99,'Kids story',4),(135,'Travel Guide',19.99,'World travel tips',4),(136,'Science Encyclopedia',39.99,'Educational book',4),(137,'Art Sketch Pad',12.99,'Drawing paper',4),(138,'Puzzle Book',8.99,'Brain games',4),(139,'Language Learning Book',24.99,'Learn new language',4),(140,'Cooking Recipes Book',18.99,'Cooking ideas',4),(141,'Photography Guide',27.99,'Photo techniques',4),(142,'Treadmill',499.99,'Indoor running machine',5),(143,'Exercise Bike',399.99,'Fitness bike',5),(144,'Resistance Bands',19.99,'Workout bands',5),(145,'Kettlebell 12kg',39.99,'Strength training',5),(146,'Pull-up Bar',29.99,'Home workout bar',5),(147,'Boxing Bag',89.99,'Punching bag',5),(148,'Swim Goggles',14.99,'Swimming gear',5),(149,'Camping Tent',129.99,'Outdoor tent',5),(150,'Hiking Backpack',79.99,'Travel backpack',5),(151,'Fishing Rod',59.99,'Fishing gear',5),(152,'Face Serum',19.99,'Skin care serum',6),(153,'Sunscreen SPF50',14.99,'UV protection cream',6),(154,'Body Scrub',12.99,'Exfoliating scrub',6),(155,'Hair Straightener',39.99,'Hair styling tool',6),(156,'Makeup Kit',49.99,'Full makeup set',6),(157,'Beard Trimmer',29.99,'Men grooming tool',6),(158,'Perfume Luxury',89.99,'Premium fragrance',6),(159,'Face Roller',9.99,'Skin massage tool',6),(160,'Shaving Kit',24.99,'Complete shaving set',6),(161,'Bath Bomb Set',19.99,'Relaxing bath kit',6),(162,'Remote Control Car Pro',49.99,'Advanced RC car',7),(163,'Educational Toy Kit',29.99,'Learning toy set',7),(164,'Kids Tablet',99.99,'Tablet for children',7),(165,'Toy Robot',39.99,'Interactive robot',7),(166,'Magic Set',19.99,'Magic tricks kit',7),(167,'Plush Teddy Bear',14.99,'Soft toy',7),(168,'Mini Basketball Hoop',24.99,'Indoor game',7),(169,'Toy Kitchen Set',59.99,'Kids kitchen playset',7),(170,'Drone Mini',79.99,'Small drone',7),(171,'Lego Style Blocks',34.99,'Building toys',7),(172,'Car Bluetooth Adapter',19.99,'Wireless audio',8),(173,'Jump Starter',89.99,'Car battery booster',8),(174,'Car Air Freshener',9.99,'Interior fragrance',8),(175,'Roof Rack',129.99,'Car storage rack',8),(176,'LED Headlights',59.99,'Car lighting',8),(177,'Parking Sensors',49.99,'Parking assist',8),(178,'Car Organizer',24.99,'Storage accessory',8),(179,'Windshield Sunshade',14.99,'Heat protection',8),(180,'Car Polisher',79.99,'Cleaning tool',8),(181,'Dash Mount Holder',12.99,'Phone holder',8),(182,'Garden Tools Set',49.99,'Gardening tools',9),(183,'Outdoor Umbrella',89.99,'Patio umbrella',9),(184,'Plant Fertilizer',19.99,'Plant growth booster',9),(185,'Garden Bench',129.99,'Outdoor seating',9),(186,'Water Pump',99.99,'Garden water system',9),(187,'Compost Bin',79.99,'Eco composting',9),(188,'Tree Pruner',24.99,'Cutting tool',9),(189,'Outdoor Lights LED',39.99,'Garden lighting',9),(190,'Flower Seeds Pack',9.99,'Mixed seeds',9),(191,'Greenhouse Mini',149.99,'Small greenhouse',9),(192,'Digital Scale',29.99,'Weight measurement',10),(193,'Pulse Oximeter',19.99,'Oxygen level monitor',10),(194,'Massage Gun',89.99,'Muscle recovery tool',10),(195,'Hot Water Bottle',12.99,'Pain relief',10),(196,'Eye Massager',59.99,'Relaxation device',10),(197,'Sleep Mask',9.99,'Better sleep',10),(198,'Vitamin C Tablets',14.99,'Immune support',10),(199,'Fitness Smart Ring',199.99,'Health tracking ring',10),(200,'Back Support Belt',24.99,'Posture support',10),(201,'Cold Pack',11.99,'Injury relief',10),(202,'iPhone 15 Pro',999.00,'Titanium body smartphone',1),(203,'MacBook Air M3',1099.00,'13-inch laptop with M3 chip',1),(204,'Nintendo Switch OLED',349.99,'Handheld gaming console',1),(205,'Sony Alpha a7 IV',2499.00,'Mirrorless camera',1),(206,'Kindle Paperwhite',139.99,'E-reader with waterproof screen',1),(207,'GoPro Hero 12',399.00,'Action camera with stabilization',1),(208,'Nvidia RTX 4090',1599.99,'Top-tier graphics card',1),(209,'Apple TV 4K',129.00,'Streaming box 64GB',1),(210,'Elgato Stream Deck',149.99,'Studio controller',1),(211,'Anker 737 Power Bank',149.99,'140W portable charger',1),(212,'Razer DeathAdder V3',69.99,'Wired gaming mouse',1),(213,'SteelSeries Arctis Nova',179.99,'Wireless headset',1),(214,'Samsung 990 Pro 2TB',169.99,'NVMe Gen4 SSD',1),(215,'TP-Link Wi-Fi 6 Router',89.99,'High-speed router',1),(216,'SanDisk 1TB SSD',99.99,'Portable storage',1),(217,'Sony A95L OLED TV',2799.00,'55-inch flagship TV',1),(218,'Bose QuietComfort',349.00,'Noise cancelling cans',1),(219,'Beats Studio Pro',349.99,'Over-ear headphones',1),(220,'Blue Yeti USB Mic',129.00,'Studio microphone',1),(221,'WD Black 5TB HDD',129.99,'External hard drive',1),(222,'Nike Air Max 270',160.00,'Comfortable lifestyle sneakers',2),(223,'Levi 501 Original',79.50,'Straight fit denim jeans',2),(224,'Patagonia Nano Puff',239.00,'Insulated winter jacket',2),(225,'Adidas Tiro Pants',50.00,'Track pants for training',2),(226,'Carhartt Beanie',19.99,'Acrylic watch hat',2),(227,'Uniqlo Airism Tee',19.90,'Breathable base layer',2),(228,'North Face Denali',180.00,'Fleece zip-up jacket',2),(229,'Ray-Ban Wayfarer',170.00,'Classic black sunglasses',2),(230,'Champion Hoodie',55.00,'Heavyweight reverse weave',2),(231,'Lululemon Align Pant',98.00,'Yoga and workout leggings',2),(232,'Ralph Lauren Polo',110.00,'Slim fit cotton polo',2),(233,'Doc Martens 1460',170.00,'8-eye leather boots',2),(234,'Hanes Crew Socks',14.99,'10-pack white socks',2),(235,'Calvin Klein Boxers',45.00,'3-pack cotton stretch',2),(236,'Birkenstock Arizona',130.00,'Cork footbed sandals',2),(237,'Under Armour Shorts',25.00,'Loose fit gym shorts',2),(238,'Columbia Rain Coat',60.00,'Waterproof shell jacket',2),(239,'Vans Old Skool',70.00,'Classic skate shoes',2),(240,'Lacoste Pique Polo',95.00,'Signature crocodile polo',2),(241,'Brooks Brothers Shirt',92.00,'Non-iron dress shirt',2),(242,'Instant Pot Duo',99.00,'7-in-1 multi-cooker',3),(243,'KitchenAid Mixer',449.99,'5-quart stand mixer',3),(244,'Keurig K-Elite',189.00,'Single serve coffee maker',3),(245,'Dyson V15 Detect',749.00,'Cordless vacuum cleaner',3),(246,'Philips Hue Bulbs',49.99,'Smart LED light bulb',3),(247,'Le Creuset Dutch Oven',395.00,'Enameled cast iron',3),(248,'Air Purifier Levoit',89.99,'HEPA filter for rooms',3),(249,'Ninja Air Fryer',129.99,'4-quart crisp fryer',3),(250,'Zojirushi Rice Cooker',199.00,'Micom technology',3),(251,'SodaStream Terra',99.99,'Sparkling water maker',3),(252,'Lodge Cast Iron',29.90,'12-inch pre-seasoned',3),(253,'Brita Water Pitcher',34.99,'10-cup filter jug',3),(254,'Rubbermaid Food Set',39.99,'28-piece container set',3),(255,'Nespresso Vertuo',179.00,'Capsule espresso machine',3),(256,'Shark Steam Mop',69.99,'Hard floor cleaner',3),(257,'Cuisinart Toaster',79.95,'4-slice metal toaster',3),(258,'Honeywell Desk Fan',19.99,'Quiet cooling fan',3),(259,'Pyrex Mixing Bowls',24.99,'Glass bowls with lids',3),(260,'Herman Miller Aeron',1600.00,'Office ergonomic chair',3),(261,'Bissell Little Green',123.59,'Portable carpet cleaner',3),(262,'The Great Gatsby',15.00,'F. Scott Fitzgerald classic',4),(263,'Atomic Habits',18.20,'James Clear self-help',4),(264,'1984 George Orwell',12.99,'Dystopian fiction novel',4),(265,'Project Hail Mary',22.00,'Andy Weir sci-fi',4),(266,'Thinking, Fast and Slow',16.50,'Daniel Kahneman psychology',4),(267,'The Alchemist',14.00,'Paulo Coelho fable',4),(268,'Clean Code',45.00,'Robert Martin programming',4),(269,'Dune Deluxe Edition',30.00,'Frank Herbert epic',4),(270,'Harry Potter Box Set',85.00,'Complete 7 book series',4),(271,'The Silent Patient',15.99,'Psychological thriller',4),(272,'Educated - A Memoir',17.00,'Tara Westover story',4),(273,'Sapiens',19.99,'Yuval Noah Harari history',4),(274,'The Shining',16.00,'Stephen King horror',4),(275,'Where the Crawdads Sing',14.50,'Delia Owens fiction',4),(276,'The Hobbit',13.99,'J.R.R. Tolkien fantasy',4),(277,'Meditations',10.00,'Marcus Aurelius stoicism',4),(278,'A Game of Thrones',18.00,'George R.R. Martin epic',4),(279,'Circe',16.00,'Madeline Miller mythology',4),(280,'The Book Thief',12.00,'Markus Zusak historical',4),(281,'Normal People',14.00,'Sally Rooney contemporary',4),(282,'Wilson NBA Ball',59.95,'Official indoor basketball',5),(283,'Bowflex Dumbbells',429.00,'SelectTech adjustable set',5),(284,'Yoga Mat Manduka',120.00,'Professional yoga mat',5),(285,'Titleist Golf Balls',54.99,'Pro V1 12-pack',5),(286,'Garmin Fenix 7',699.99,'Multisport GPS watch',5),(287,'Peloton Bike+',2495.00,'Smart indoor cycling',5),(288,'Hydro Flask 32oz',44.95,'Wide mouth water bottle',5),(289,'TRX Pro4 System',199.95,'Suspension trainer',5),(290,'Spalding Street Ball',24.99,'Outdoor basketball',5),(291,'Everlast Boxing Gloves',45.00,'12oz training gloves',5),(292,'Speedo Vanquisher',22.00,'Swimming goggles',5),(293,'Rawlings Baseball Glove',89.00,'Player preferred series',5),(294,'Coleman Camping Tent',149.00,'6-person dome tent',5),(295,'Black Diamond Headlamp',39.95,'350 lumens LED',5),(296,'Yeti Tundra 45',325.00,'Premium hard cooler',5),(297,'Babolat Pure Drive',249.00,'Tennis racquet',5),(298,'Shimano Bike Pedals',55.00,'SPD clipless pedals',5),(299,'Fitbit Charge 6',159.00,'Advanced fitness tracker',5),(300,'Therm-a-Rest Pad',199.95,'Camping sleeping pad',5),(301,'Osprey Daylite',65.00,'Small hiking pack',5),(302,'Dyson Airwrap',599.00,'Multi-styler hair tool',6),(303,'Estee Lauder Serum',115.00,'Night repair complex',6),(304,'Clinique Moisturizer',32.00,'Moisture Surge 100H',6),(305,'Laneige Lip Mask',24.00,'Berry sleep treatment',6),(306,'Olapplex No. 3',30.00,'Hair perfector treatment',6),(307,'The Ordinary AHA',9.50,'Peeling solution',6),(308,'Glossier Boy Brow',18.00,'Grooming pomade',6),(309,'Fenty Beauty Foundation',39.00,'Pro Filt’r Soft Matte',6),(310,'Chanel No. 5',160.00,'Eau de Parfum 100ml',6),(311,'CeraVe Cleanser',15.99,'Hydrating facial wash',6),(312,'Paula’s Choice BHA',34.00,'Liquid exfoliant',6),(313,'Tatcha Water Cream',70.00,'Oil-free moisturizer',6),(314,'Oral-B iO Series 9',299.00,'Electric toothbrush',6),(315,'Braun Series 9 Pro',329.00,'Electric shaver',6),(316,'Urban Decay Palette',59.00,'Naked3 eyeshadow',6),(317,'Living Proof Shampoo',30.00,'Perfect Hair Day',6),(318,'Dior Sauvage',120.00,'Mens fragrance 60ml',6),(319,'NARS Radiant Creamy',32.00,'High coverage concealer',6),(320,'Kiehl’s Ultra Cream',38.00,'24-hour facial cream',6),(321,'Sun Bum SPF 50',15.99,'Original sun lotion',6),(322,'LEGO Star Wars Millenium Falcon',169.99,'1351 piece building set',7),(323,'Barbie Dreamhouse',179.00,'Pool and slide playhouse',7),(324,'Nerf Elite 2.0',24.99,'Motorized blaster',7),(325,'Hot Wheels 50-Car Pack',54.99,'Assorted toy cars',7),(326,'Squishmallows Plush',19.99,'Super soft 12-inch',7),(327,'Catan Board Game',44.00,'Strategy resource game',7),(328,'Magnatiles 100pc',119.00,'Magnetic building blocks',7),(329,'Tamagotchi Pix',59.99,'Virtual pet with camera',7),(330,'Magic The Gathering Deck',45.00,'Commander starter set',7),(331,'Play-Doh Mega Pack',22.00,'36-pack of colors',7),(332,'Fisher-Price Rock-a-Stack',7.99,'Classic baby rings',7),(333,'Exploding Kittens',20.00,'Card game for families',7),(334,'Melissa & Doug Kitchen',150.00,'Wooden play kitchen',7),(335,'Funko Pop Batman',12.99,'Vinyl collectible figure',7),(336,'GraviTrax Starter Set',69.99,'Marble run system',7),(337,'Pokemon Elite Box',49.99,'TCG booster set',7),(338,'Ticket to Ride',48.00,'Train adventure game',7),(339,'VTech Learning Walker',39.00,'Sit-to-stand toy',7),(340,'Rubik’s Cube 3x3',9.99,'Original puzzle cube',7),(341,'Uno Card Game',5.99,'Classic matching game',7),(342,'Michelin Pilot Sport',210.00,'High performance tire',8),(343,'Castrol EDGE 5W-30',32.00,'Full synthetic oil',8),(344,'Chemical Guys Car Kit',99.00,'14-piece wash bucket',8),(345,'NOCO Boost Plus',99.95,'Portable jump starter',8),(346,'Dash Cam Garmin',169.00,'1440p car camera',8),(347,'Bosch Icon Wiper',26.00,'Premium blade single',8),(348,'Meguiar’s Gold Wax',14.99,'Liquid car wax',8),(349,'WeatherTech Floor Mats',180.00,'Custom fit liners',8),(350,'Thule Roof Rack',549.00,'Universal cross bars',8),(351,'Armor All Wipes',6.50,'Interior cleaning 30ct',8),(352,'Black+Decker Car Vac',45.00,'12V handheld vacuum',8),(353,'Rain-X Glass Treatment',8.00,'Water repellent spray',8),(354,'K&N Air Filter',55.00,'High-flow washable',8),(355,'OBD2 Scanner Ancel',35.00,'Car diagnostic tool',8),(356,'Fix-a-Flat Can',12.00,'Emergency tire repair',8),(357,'Sylvania H11 Bulbs',34.99,'SilverStar Ultra pair',8),(358,'Vantrue N4 Dash Cam',259.00,'3-channel car camera',8),(359,'Brembo Brake Pads',85.00,'Ceramic brake set',8),(360,'Viair Air Compressor',89.00,'Portable tire inflator',8),(361,'Turtle Wax Scratch Kit',14.00,'Paint repair system',8),(362,'Weber Spirit II Grill',449.00,'Propane gas grill',9),(363,'Ryobi Leaf Blower',159.00,'40V cordless blower',9),(364,'Fiskars Pruning Shear',22.00,'Steel bypass shears',9),(365,'Miracle-Gro Soil',12.00,'Potting mix 1cu ft',9),(366,'Ring Floodlight Cam',199.00,'Security outdoor light',9),(367,'Gardena Hose Reel',145.00,'Retractable wall hose',9),(368,'Husqvarna AutoMower',1299.00,'Robotic lawn mower',9),(369,'Suncast Garden Shed',899.00,'Resin storage shed',9),(370,'Bird Feeder Wood',25.00,'Classic cedar feeder',9),(371,'Outdoor String Lights',39.00,'50ft LED Edison bulbs',9),(372,'Greenworks Mower',399.00,'Electric push mower',9),(373,'Ames Garden Cart',110.00,'4-wheel rolling wagon',9),(374,'Keter Deck Box',140.00,'Large storage chest',9),(375,'Scotts Turf Builder',24.00,'Lawn fertilizer 5k sqft',9),(376,'Solo Stove Bonfire',299.00,'Smokeless fire pit',9),(377,'Worx GT Trimmer',99.00,'Cordless weed eater',9),(378,'Hammock with Stand',115.00,'Double cotton hammock',9),(379,'Patio Umbrella 10ft',85.00,'Offset cantilever style',9),(380,'Bee House Bamboo',18.00,'Nesting for pollinators',9),(381,'Rain Barrel 50gal',120.00,'Water collection tank',9),(382,'Withings Smart Scale',99.00,'Body composition WiFi',10),(383,'Theragun Pro',599.00,'Massage therapy gun',10),(384,'Omron Blood Pressure',75.00,'Upper arm monitor',10),(385,'Centrum Multivitamin',12.00,'Men/Women 100 count',10),(386,'First Aid Only Kit',24.00,'299 piece medical kit',10),(387,'Optimum Nutrition Whey',75.00,'5lb protein powder',10),(388,'Liquid I.V. Hydration',24.00,'16-pack electrolyte',10),(389,'Weighted Blanket 15lb',65.00,'Calming sleep aid',10),(390,'Vicks Humidifier',44.00,'Filter-free cool mist',10),(391,'Emergen-C Vitamin C',15.00,'30 count packets',10),(392,'Nature Made Fish Oil',18.00,'Omega-3 120 softgels',10),(393,'Philips Wake-up Light',99.00,'Sunrise alarm clock',10),(394,'Zicam Cold Remedy',11.00,'Rapidmelts 25 count',10),(395,'Advil Ibuprofen',14.00,'200mg 200 tablets',10),(396,'Kleenex Facial Tissue',18.00,'8-pack bulk box',10),(397,'Tylenol Extra Strength',12.00,'500mg 100 count',10),(398,'Purell Hand Sanitizer',14.00,'Liter bottle with pump',10),(399,'Glucerna Protein Shake',22.00,'Diabetic support 12pk',10),(400,'Bengay Ultra Strength',8.00,'Pain relieving cream',10),(401,'Burt’s Bees Lip Balm',10.00,'4-pack original mint',10),(402,'Logitech G Pro X Superlight',159.99,'Ultra-lightweight gaming mouse',1),(403,'ASUS ROG Swift 32\"',899.00,'4K 144Hz Gaming Monitor',1),(404,'Sony WH-CH720N',148.00,'Mid-range noise cancelling headphones',1),(405,'Samsung Galaxy Watch 6',299.99,'Android smartwatch',1),(406,'Elgato Facecam Pro',299.99,'4K60 Webcam for streamers',1),(407,'Razer BlackWidow V4',169.99,'Mechanical gaming keyboard',1),(408,'Crucial T700 2TB',269.99,'Gen5 NVMe SSD',1),(409,'Corsair RM850x',149.99,'850W Gold Power Supply',1),(410,'NZXT Kraken Elite',279.99,'AIO Liquid CPU Cooler',1),(411,'Lian Li O11 Dynamic',149.99,'Modular tempered glass case',1),(412,'AMD Ryzen 9 7950X',549.00,'16-core Desktop Processor',1),(413,'Intel Core i7-14700K',401.00,'High-end gaming CPU',1),(414,'Asus TUF Gaming WiFi',219.99,'Z790 Motherboard',1),(415,'G.Skill Trident Z5 32GB',125.00,'DDR5 6400MHz RAM',1),(416,'Canon RF 50mm f/1.8',199.00,'Compact prime lens',1),(417,'DJI RS 3 Mini',369.00,'Gimbal for mirrorless cameras',1),(418,'Shure SM7B',399.00,'Vocal dynamic microphone',1),(419,'Focusrite Scarlett 2i2',179.99,'USB Audio Interface',1),(420,'Yamaha HS5',199.99,'Powered Studio Monitor',1),(421,'Western Digital 18TB Gold',499.00,'Enterprise Class HDD',1),(422,'Ubiquiti Switch 24',399.00,'Managed PoE Switch',1),(423,'Netgear Nighthawk M6',799.00,'5G Mobile Hotspot',1),(424,'Google Pixel Tablet',499.00,'Android tablet with dock',1),(425,'Microsoft Surface Laptop 5',1299.00,'Premium touch laptop',1),(426,'Keychron Q1 Pro',199.00,'QMK Wireless Mechanical Keyboard',1),(427,'Glorious Model O 2',64.99,'Honeycomb gaming mouse',1),(428,'SteelSeries Arena 7',299.99,'2.1 RGB Speaker System',1),(429,'HyperX Pulsefire Haste',49.99,'Ultra-light wired mouse',1),(430,'BenQ Zowie XL2546K',499.00,'240Hz Esports Monitor',1),(431,'Alienware m18 Laptop',2499.00,'Giant screen gaming laptop',1),(432,'Roku Ultra 2024',99.00,'Flagship streaming player',1),(433,'Sonos Move 2',449.00,'Portable outdoor smart speaker',1),(434,'Sennheiser Momentum 4',379.00,'Long battery life wireless headphones',1),(435,'Audio-Technica M50x',149.00,'Professional studio headphones',1),(436,'JBL PartyBox 310',549.95,'Large portable party speaker',1),(437,'Marshall Motif II',199.00,'ANC Wireless Earbuds',1),(438,'Garmin Instinct 2',349.00,'Rugged outdoor GPS watch',1),(439,'Tile Mate 2-Pack',47.99,'Bluetooth item finders',1),(440,'Belkin BoostCharge Pro',149.99,'15W MagSafe charging stand',1),(441,'Sabrent Rocket 4 Plus',159.99,'High-performance SSD',1),(442,'Hoto Electric Screwdriver',69.99,'Precision tech repair tool',1),(443,'Twelve South AirFly',54.00,'Wireless audio transmitter',1),(444,'Insta360 X3',449.00,'360 degree action camera',1),(445,'Peak Design Slide',64.00,'Professional camera strap',1),(446,'Zagg InvisibleShield',39.99,'Screen protector for iPhone',1),(447,'Nomad Base One Max',149.95,'MagSafe metal charger',1),(448,'Nanoleaf Shapes',199.00,'Modular hex light panels',1),(449,'LIFX Clean Bulb',69.99,'Disinfecting smart light',1),(450,'Eero Pro 6E',249.99,'Mesh Wi-Fi router system',1),(451,'Synology DS923+',599.00,'4-bay prosumer NAS',1),(452,'Nike Tech Fleece Hoodie',130.00,'Double-sided spacer fabric',2),(453,'Adidas Ultraboost 1.0',190.00,'Original primeknit runner',2),(454,'Levi 511 Slim Fit',69.50,'Modern slim fit jeans',2),(455,'Carhartt Detroit Jacket',110.00,'Rugged workwear jacket',2),(456,'Dickies 874 Work Pant',29.99,'Original fit twill pants',2),(457,'Champion Reverse Weave',60.00,'Classic heavy sweatshirt',2),(458,'Uniqlo Ultra Light Down',79.90,'Packable puffer jacket',2),(459,'The North Face Nuptse',330.00,'1996 retro puffer',2),(460,'Patagonia Better Sweater',139.00,'Full zip fleece jacket',2),(461,'Arc’teryx Beta LT',450.00,'Gore-Tex waterproof shell',2),(462,'Lululemon Metal Vent',78.00,'Breathable workout shirt',2),(463,'Gymshark Arrival Shorts',30.00,'Lightweight gym shorts',2),(464,'Under Armour ColdGear',55.00,'Mock neck base layer',2),(465,'Ralph Lauren Oxford',125.00,'Iconic button-down shirt',2),(466,'Lacoste Tennis Shorts',85.00,'Classic white court shorts',2),(467,'Fred Perry Polo',100.00,'Twin tipped cotton polo',2),(468,'Barbour Ashby Jacket',415.00,'Waxed cotton heritage coat',2),(469,'AllSaints Leather Biker',499.00,'Premium lambskin jacket',2),(470,'ZARA Linen Shirt',49.90,'Relaxed fit summer shirt',2),(471,'H&M Slim Fit Chinos',34.99,'Stretch cotton trousers',2),(472,'New Balance 550',110.00,'Retro basketball sneakers',2),(473,'Asics Gel-Nimbus 25',160.00,'Max cushion running shoes',2),(474,'Converse Chuck 70',90.00,'Vintage style high tops',2),(475,'Dr. Martens Chelsea',180.00,'2976 smooth leather boots',2),(476,'Timberland 6-Inch Boot',198.00,'Waterproof wheat nubuck',2),(477,'Birkenstock Boston',155.00,'Suede leather clogs',2),(478,'Crocs Classic Clog',49.99,'Water-friendly footwear',2),(479,'Stance Crew Socks',14.00,'Reinforced heel and toe',2),(480,'Bombas No-Show Socks',12.50,'Stay-up technology socks',2),(481,'Calvin Klein Steel Micro',30.00,'Low rise trunk',2),(482,'Tommy Hilfiger Boxer',45.00,'3-pack woven boxers',2),(483,'Fruit of the Loom Tee',15.00,'6-pack stay tucked',2),(484,'Gildan Heavy Cotton',8.00,'Basic blank t-shirt',2),(485,'Spanx Faux Leather',98.00,'Contouring women leggings',2),(486,'Aritzia Melina Pant',148.00,'Vegan leather trousers',2),(487,'Madewell Perfect Vintage',128.00,'High-rise tapered jeans',2),(488,'Everlane The Day Glove',135.00,'Soft Italian leather flat',2),(489,'Rothys The Point',149.00,'Washable pointed flat',2),(490,'Reformation Juliette',218.00,'Flowy midi dress',2),(491,'Free People Hailee Set',128.00,'Cozy knit lounge set',2),(492,'Oakley Frogskins',146.00,'Retro lifestyle shades',2),(493,'Persol 714 Folding',420.00,'Iconic Steve McQueen frames',2),(494,'Warby Parker Glasses',95.00,'Prescription optical frames',2),(495,'Fossil Leather Belt',45.00,'Genuine brown leather',2),(496,'Herschel Supply Co.',50.00,'Little America backpack',2),(497,'Fjallraven Kanken',90.00,'Swedish classic backpack',2),(498,'Longchamp Le Pliage',145.00,'Large nylon tote bag',2),(499,'Tumi Alpha 3 Brief',595.00,'Professional business bag',2),(500,'Rimowa Original Cabin',1430.00,'Aluminum luxury suitcase',2),(501,'Samsonite Freeform',199.99,'Hardside carry-on luggage',2),(502,'KitchenAid K400 Blender',299.00,'Powerhouse kitchen blender',3),(503,'Breville Bambino Plus',499.95,'Compact espresso machine',3),(504,'Fellow Stagg EKG',195.00,'Electric pour-over kettle',3),(505,'AeroPress Coffee Maker',39.95,'Portable travel brewer',3),(506,'Chemex 8-Cup',49.50,'Glass pour-over carafe',3),(507,'Hario V60 Starter Kit',25.00,'Manual coffee dripper set',3),(508,'Baratza Encore Grinder',169.95,'Conical burr coffee grinder',3),(509,'Moccamaster KBGV Select',359.00,'Technivorm coffee brewer',3),(510,'Vitamix Propel 510',479.00,'Variable speed blender',3),(511,'Ninja Creami Deluxe',249.99,'Ice cream and mix-in maker',3),(512,'Instant Pot Vortex',159.00,'6-quart air fry oven',3),(513,'Anova Precision Cooker',219.00,'Sous vide immersion circulator',3),(514,'Meater Plus',99.95,'Wireless smart meat thermometer',3),(515,'Thermapen One',105.00,'Instant-read thermometer',3),(516,'All-Clad D3 Fry Pan',119.00,'Stainless steel tri-ply',3),(517,'Made In 8\" Chef Knife',109.00,'French style forged steel',3),(518,'Global G-2 Chef Knife',99.95,'Japanese hollow handle',3),(519,'Victorinox Fibrox Pro',54.00,'Classic 8-inch chef knife',3),(520,'Boos Block Board',125.00,'Maple edge grain cutting board',3),(521,'Staub Cocotte 5.5qt',320.00,'Round enameled cast iron',3),(522,'Lodge Reversible Grill',59.90,'Cast iron griddle',3),(523,'T-fal Nonstick Set',99.99,'12-piece cookware set',3),(524,'Corelle Dinnerware',65.00,'18-piece chip resistant set',3),(525,'Yeti Rambler Tumbler',35.00,'20oz vacuum insulated mug',3),(526,'Simplehuman Trash Can',199.00,'Step-on dual compartment',3),(527,'OXO Pop Container Set',112.99,'10-piece airtight storage',3),(528,'Honeywell HEPA Air',249.00,'Large room air purifier',3),(529,'Blueair Blue Pure 411',139.00,'Compact room purifier',3),(530,'Coway Airmighty',229.00,'HEPA quiet air purifier',3),(531,'Dyson Purifier Cool',649.00,'Fan and air purifier combo',3),(532,'Nest Cam Indoor',99.99,'Wired smart security camera',3),(533,'Ecobee Smart Sensor',79.00,'2-pack room sensors',3),(534,'Philips Hue Bridge',59.99,'Smart lighting hub',3),(535,'Lutron Caseta Dimmer',69.95,'Smart wall light switch',3),(536,'Roomba Combo j5',599.00,'Robot vacuum and mop',3),(537,'Roborock S8 Pro Ultra',1599.00,'Self-emptying robot mop',3),(538,'Shark Stratos Upright',499.00,'Anti-odor upright vacuum',3),(539,'Miele C1 Classic',349.00,'Entry canister vacuum',3),(540,'Black+Decker Dustbuster',59.00,'Cordless hand vacuum',3),(541,'Tineco Pure One S15',399.00,'Smart cordless stick vacuum',3),(542,'Casper Original Pillow',65.00,'Supportive foam pillow',3),(543,'Brooklinen Luxe Sheets',189.00,'Sateen cotton sheet set',3),(544,'Gravity Weighted Robe',130.00,'Stress-reducing lounge robe',3),(545,'Ugg Tasman Slipper',110.00,'Sheepskin lining slipper',3),(546,'Zinus 12 Inch Mattress',350.00,'Green tea memory foam',3),(547,'Fully Jarvis Desk',599.00,'Bamboo standing desk',3),(548,'Steelcase Gesture',1300.00,'Ergonomic task chair',3),(549,'Branch Daily Chair',249.00,'Affordable office chair',3),(550,'Grovemade Desk Mat',100.00,'Merino wool felt mat',3),(551,'Satechi USB-C Hub',79.99,'Multi-port adapter',3),(552,'The Psychology of Money',17.00,'Morgan Housel finance',4),(553,'Deep Work',20.00,'Cal Newport productivity',4),(554,'Atomic Habits Hardcover',24.00,'Building good habits',4),(555,'The 4-Hour Workweek',22.00,'Tim Ferriss lifestyle',4),(556,'Zero to One',18.00,'Peter Thiel startup guide',4),(557,'The Lean Startup',21.00,'Eric Ries business',4),(558,'Shoe Dog',19.00,'Phil Knight Nike memoir',4),(559,'Steve Jobs Biography',25.00,'Walter Isaacson',4),(560,'Elon Musk',28.00,'Walter Isaacson latest',4),(561,'Can’t Hurt Me',24.95,'David Goggins mindset',4),(562,'Man’s Search for Meaning',14.00,'Viktor Frankl',4),(563,'The Obstacle is the Way',17.00,'Ryan Holiday stoicism',4),(564,'Ego is the Enemy',17.00,'Ryan Holiday',4),(565,'Stillness is the Key',18.00,'Ryan Holiday',4),(566,'How to Win Friends',16.00,'Dale Carnegie classic',4),(567,'The Intelligent Investor',22.99,'Benjamin Graham',4),(568,'Outliers',18.00,'Malcolm Gladwell',4),(569,'Blink',17.50,'Malcolm Gladwell',4),(570,'Talking to Strangers',19.00,'Malcolm Gladwell',4),(571,'Grit',18.99,'Angela Duckworth',4),(572,'Start with Why',17.00,'Simon Sinek',4),(573,'The Subtle Art',15.99,'Mark Manson',4),(574,'Rich Dad Poor Dad',14.50,'Robert Kiyosaki',4),(575,'48 Laws of Power',26.00,'Robert Greene',4),(576,'Greenlights',20.00,'Matthew McConaughey',4),(577,'Friends, Lovers, and Big Terrible Things',22.00,'Matthew Perry',4),(578,'Becoming',19.00,'Michelle Obama',4),(579,'A Promised Land',30.00,'Barack Obama',4),(580,'Spare',25.00,'Prince Harry memoir',4),(581,'Lessons in Chemistry',18.00,'Bonnie Garmus',4),(582,'Tomorrow, and Tomorrow',19.00,'Gabrielle Zevin',4),(583,'The Midnight Library',15.00,'Matt Haig',4),(584,'The Seven Husbands of Evelyn Hugo',14.00,'Taylor Jenkins Reid',4),(585,'Daisy Jones & The Six',15.00,'Taylor Jenkins Reid',4),(586,'The Song of Achilles',14.00,'Madeline Miller',4),(587,'The House in the Cerulean Sea',16.00,'TJ Klune',4),(588,'Red, White & Royal Blue',13.99,'Casey McQuiston',4),(589,'Normal People',15.00,'Sally Rooney',4),(590,'Where the Crawdads Sing',14.00,'Delia Owens',4),(591,'The Silent Patient',16.00,'Alex Michaelides',4),(592,'Fourth Wing',24.00,'Rebecca Yarros fantasy',4),(593,'Iron Flame',26.00,'Rebecca Yarros sequel',4),(594,'A Court of Thorns and Roses',16.00,'Sarah J. Maas',4),(595,'Throne of Glass',15.00,'Sarah J. Maas',4),(596,'Yellowface',18.00,'R.F. Kuang',4),(597,'The Priory of the Orange Tree',22.00,'Samantha Shannon',4),(598,'Babel',20.00,'R.F. Kuang',4),(599,'Demon Copperhead',21.00,'Barbara Kingsolver',4),(600,'The Heaven & Earth Grocery Store',22.00,'James McBride',4),(601,'Chain-Gang All-Stars',19.00,'Nana Kwame Adjei-Brenyah',4),(602,'Nike Metcon 9',150.00,'Cross-training gym shoes',5),(603,'Reebok Nano X3',140.00,'Versatile workout shoes',5),(604,'Nobull Trainer',129.00,'Minimalist lifting shoes',5),(605,'Rogue Echo Bike',895.00,'Air resistance fan bike',5),(606,'Concept2 SkiErg',850.00,'Indoor Nordic skiing',5),(607,'Assault AirBike',749.00,'Classic HIIT trainer',5),(608,'PowerBlock Pro 50',399.00,'Urethane adjustable dumbbells',5),(609,'Iron Bull Hip Thrust Pad',25.00,'Barbell padding',5),(610,'Harbinger Weight Belt',35.00,'4-inch nylon belt',5),(611,'Bear KompleX Grips',45.00,'Gymnastic hand protection',5),(612,'Liquid Chalk 250ml',15.00,'Sweat-proof grip aid',5),(613,'StairMaster StepMill',3499.00,'Commercial cardio climber',5),(614,'NordicTrack S22i',1899.00,'Studio cycle bike',5),(615,'Lululemon Yoga Block',24.00,'High-density support',5),(616,'Gaiam Yoga Wheel',34.99,'Back stretch aid',5),(617,'TriggerPoint Grid Foam',39.95,'EVA muscle roller',5),(618,'Hyperice Hypervolt 2',299.00,'Handheld percussion massager',5),(619,'Normatec 3 Legs',799.00,'Pneumatic compression recovery',5),(620,'Garmin HRM-Pro Plus',129.00,'Premium heart rate strap',5),(621,'Wahoo TICKR',49.99,'Bluetooth heart rate chest strap',5),(622,'Apple Watch Ultra 2',799.00,'Extreme sport smartwatch',5),(623,'Coros Pace 3',229.00,'Lightweight GPS runner watch',5),(624,'Suunto 9 Peak',499.00,'Slim rugged GPS watch',5),(625,'Wilson Roger Federer 27',45.00,'Recreational tennis racket',5),(626,'Penn Championship Balls',5.00,'3-pack tennis balls',5),(627,'Babolat Pure Aero',259.00,'Spin-focused tennis racket',5),(628,'Head Ti.S6',99.00,'Lightweight power racket',5),(629,'Pickleball Paddle Joola',219.00,'Ben Johns signature paddle',5),(630,'Franklin Pickleballs',12.00,'X-40 outdoor 3-pack',5),(631,'Callaway 300 Pro',199.00,'Laser golf rangefinder',5),(632,'Garmin Approach S62',499.00,'Premium GPS golf watch',5),(633,'TaylorMade Stealth 2',599.00,'Carbon wood driver',5),(634,'Ping G430 Irons',1100.00,'Game improvement iron set',5),(635,'FootJoy Pro SL',169.00,'Spikeless golf shoes',5),(636,'Titleist Players Glove',26.00,'Cabretta leather golf glove',5),(637,'Burton Custom Snowboard',659.00,'All-mountain snowboard',5),(638,'Smith Vantage MIPS',270.00,'Ski and snowboard helmet',5),(639,'Oakley Flight Deck',216.00,'Rimless snow goggles',5),(640,'Black Diamond Ice Axe',99.95,'General mountaineering tool',5),(641,'Petzl Boreo Helmet',64.95,'Climbing and caving helmet',5),(642,'La Sportiva Solution',189.00,'Aggressive bouldering shoes',5),(643,'Giro Empire VR90',300.00,'Off-road cycling shoes',5),(644,'Specialized Roubaix',3500.00,'Endurance road bike',5),(645,'Canyon Spectral 125',2899.00,'Trail mountain bike',5),(646,'Rapha Core Bib Shorts',130.00,'Essential cycling bibs',5),(647,'Kryptonite New York Lock',120.00,'Heavy duty bike U-lock',5),(648,'CamelBak Rogue Light',85.00,'70oz hydration pack',5),(649,'Under Armour Duffel 5.0',45.00,'Large gym bag',5),(650,'Speedo Swim Fin',35.00,'Short blade training fin',5),(651,'Arena Powerskin ST',100.00,'Racing tech suit',5),(652,'La Mer Crème',190.00,'Luxury moisturizing cream',6),(653,'SK-II Facial Essence',104.00,'Pitera treatment water',6),(654,'Augustinus Bader Rich',290.00,'Premium anti-aging cream',6),(655,'Vintner’s Daughter Serum',195.00,'Active botanical oil',6),(656,'Supergoop Unseen SPF',38.00,'Clear daily sunscreen',6),(657,'EltaMD UV Clear',41.00,'Face sunscreen for acne',6),(658,'Drunk Elephant Lala',62.00,'Retro whipped cream',6),(659,'The Ordinary Niacinamide',6.00,'Zinc 1% blemish serum',6),(660,'Sunday Riley Good Genes',85.00,'Lactic acid treatment',6),(661,'Fresh Soy Cleanser',39.00,'Gentle gel face wash',6),(662,'Glossier You Perfume',68.00,'Personal skin scent',6),(663,'Le Labo Santal 33',220.00,'Woody cult fragrance',6),(664,'Byredo Gypsy Water',200.00,'Aromatic eau de parfum',6),(665,'Tom Ford Lost Cherry',395.00,'Sweet gourmand perfume',6),(666,'YSL Libre Parfum',130.00,'Floral lavender scent',6),(667,'Charlotte Tilbury Magic',100.00,'Instant turnaround cream',6),(668,'Hourglass Veil Primer',58.00,'Mineral base SPF 15',6),(669,'Laura Mercier Powder',43.00,'Translucent setting powder',6),(670,'Nars Orgasm Blush',32.00,'Peachy pink with shimmer',6),(671,'Anastasia Beverly Hills',23.00,'Brow Wiz pencil',6),(672,'Benefit Hoola Bronzer',35.00,'Matte face bronzer',6),(673,'Too Faced Better Sex',29.00,'Volumizing mascara',6),(674,'Laneige Water Mask',32.00,'Overnight hydration gel',6),(675,'Sol de Janeiro Bum Bum',48.00,'Brazilian tightening cream',6),(676,'Ouai Detox Shampoo',32.00,'Clarifying hair wash',6),(677,'Moroccanoil Treatment',48.00,'Argan oil hair styling',6),(678,'Briogeo Don’t Despair',39.00,'Deep conditioning mask',6),(679,'K18 Leave-In Mask',75.00,'Molecular repair treatment',6),(680,'Oribe Gold Lust Oil',56.00,'Nourishing hair oil',6),(681,'T3 Lucea Flat Iron',189.99,'Digital straightening iron',6),(682,'Shark HyperAIR Dryer',229.00,'Fast drying ionic tool',6),(683,'Foreo Luna 4',279.00,'Silicone face brush',6),(684,'NuFace Trinity+',395.00,'Microcurrent facial toning',6),(685,'Dr. Dennis Gross LED',455.00,'Spectralite face mask',6),(686,'Beautyblender Pink',20.00,'Original makeup sponge',6),(687,'Real Techniques Brushes',19.99,'Everyday essentials set',6),(688,'Tweezerman Slant',24.00,'Professional eyebrow tweezers',6),(689,'Mason Pearson Brush',240.00,'Boar bristle hair brush',6),(690,'Aquis Hair Towel',30.00,'Rapid dry microfiber',6),(691,'Slip Silk Pillowcase',89.00,'Anti-aging mulberry silk',6),(692,'Maison Margiela Jazz Club',160.00,'Replica series EDT',6),(693,'Jo Malone Wood Sage',155.00,'Sea salt cologne',6),(694,'Viktor&Rolf Flowerbomb',142.00,'Explosive floral bouquet',6),(695,'Armani Luminous Silk',69.00,'Lightweight foundation',6),(696,'Estée Lauder Double Wear',49.00,'Stay-in-place makeup',6),(697,'Rare Beauty Blush',23.00,'Soft pinch liquid blush',6),(698,'Summer Fridays Lip',24.00,'Butter balm for lips',6),(699,'Glow Recipe Dew Drops',35.00,'Watermelon niacinamide',6),(700,'Youth to the People',39.00,'Superfood kale cleanser',6),(701,'Biossance Squalane',72.00,'Vitamin C rose oil',6),(702,'LEGO Titanic',679.99,'9,090 piece massive build',7),(703,'LEGO Icons Porsche 911',169.99,'2-in-1 Turbo or Targa',7),(704,'GraviTrax Pro Set',99.00,'Advanced vertical marble run',7),(705,'Catan Extension 5-6',32.00,'Add more players to Catan',7),(706,'Ticket to Ride Europe',54.00,'Train travel board game',7),(707,'7 Wonders Board Game',59.99,'Ancient civilization strategy',7),(708,'Pandemic Board Game',39.99,'Cooperative virus game',7),(709,'Wingspan Board Game',60.00,'Bird collection engine builder',7),(710,'Scythe Board Game',90.00,'Alt-history 1920s strategy',7),(711,'Gloomhaven Jaws',49.99,'Simplified RPG crawler',7),(712,'Codenames Game',19.95,'Social word deduction',7),(713,'Azul Board Game',39.99,'Tile placement abstract game',7),(714,'Anki Cozmo Robot',179.99,'AI powered toy robot',7),(715,'DJI Tello Drone',99.00,'Mini drone for kids',7),(716,'Sphero BOLT',179.00,'App-enabled robotic ball',7),(717,'Snap Circuits Pro',99.99,'Electronics discovery kit',7),(718,'Osmo Genius Starter',99.00,'iPad learning game kit',7),(719,'KiwiCo Subscription',25.00,'STEM project box for kids',7),(720,'Melissa & Doug Block',27.99,'100 piece wood building set',7),(721,'Magna-Tiles Stardust',39.99,'Glitter magnetic tiles',7),(722,'Squishmallows Axolotl',15.99,'Pink plush toy 10-inch',7),(723,'Jellycat Bashful Bunny',28.00,'Super soft plush animal',7),(724,'Barbie Camper Van',99.99,'Dreamcamper playset',7),(725,'American Girl Doll',115.00,'18-inch historical doll',7),(726,'Playmobil Police Station',89.99,'Action city playset',7),(727,'Hot Wheels Sky Crash',54.00,'Tower motorized track',7),(728,'Nerf Rival Nemesis',99.00,'High capacity ball blaster',7),(729,'Gel Blaster Surge',59.99,'Eco-friendly water pellets',7),(730,'Step2 Water Table',89.99,'Rain showers splash pond',7),(731,'Micro Maxi Scooter',139.00,'Swiss engineered 3-wheel',7),(732,'Radio Flyer Tricycle',79.00,'Classic red dual deck',7),(733,'Razor A5 Air',119.00,'Adult commuter scooter',7),(734,'Brio World Railway',125.00,'Wooden train deluxe set',7),(735,'Tonies Starter Set',99.99,'Screen-free audio player',7),(736,'Yoto Player 3rd Gen',119.00,'Audio card speaker',7),(737,'Nintendo Switch Lite',199.00,'Portable-only console',7),(738,'Tamagotchi Connection',29.99,'Virtual pet relaunch',7),(739,'Furby Purple',69.00,'Interactive voice friend',7),(740,'L.O.L. Surprise House',149.00,'Wooden multi-story dollhouse',7),(741,'Rainbow High Doll',26.99,'Fashion doll with outfits',7),(742,'Monster High Draculaura',24.99,'Ghouls Spirit doll',7),(743,'Magic Mixies Cauldron',79.00,'Mist producing plush toy',7),(744,'Bitzee Digital Pet',29.99,'Virtual pet you can touch',7),(745,'StoryPod Starter',109.00,'Educational audio system',7),(746,'Fat Brain SpinnyPins',29.95,'Wobble and spin sensory',7),(747,'Kanoodle 3D Puzzle',14.00,'Brain twisting solo game',7),(748,'Banagrams Word Game',15.00,'Fast tile word race',7),(749,'Sushi Go Party!',24.99,'Pick and pass card game',7),(750,'Exploding Kittens NSFW',20.00,'Adult version card game',7),(751,'Cards Against Humanity',30.00,'Party game for horrible people',7),(752,'NOCO Genius5 Charger',69.95,'Smart battery maintainer',8),(753,'Chemical Guys Torq',149.00,'Dual action polisher',8),(754,'Griot’s Speed Shine',18.00,'Quick detailer spray',8),(755,'Adam’s Polishes Kit',120.00,'Advanced ceramic coating',8),(756,'Scosche Magnetic Mount',24.99,'MagicMount phone holder',8),(757,'iOttie Easy One Touch',29.95,'Dashboard car mount',8),(758,'WeatherTech CupFone',39.00,'Universal cup holder mount',8),(759,'Escort MAX 360c',699.00,'Radar and laser detector',8),(760,'Uniden R7 Radar',499.00,'Extreme range detector',8),(761,'Cobra RAD 480i',149.00,'Connected radar detector',8),(762,'Thinkware U3000',549.00,'4K front and rear dashcam',8),(763,'BlackVue DR970X',469.00,'Cloud-connected dashcam',8),(764,'Rexing V1 Dash Cam',99.00,'4K wide angle car camera',8),(765,'Milwaukee M12 Inflator',129.00,'Cordless tire pump',8),(766,'Slime Tire Sealant',10.00,'Emergency flat prevention',8),(767,'Tire Gauge Digital',15.00,'Accurate backlit reader',8),(768,'Armor All Tire Shine',8.50,'Extreme spray foam',8),(769,'Invisible Glass Cleaner',6.00,'Streak-free window spray',8),(770,'Meguiar’s Interior Quik',12.00,'Detailer for all surfaces',8),(771,'SunJoe Electric Pressure',169.00,'Car wash power washer',8),(772,'Chemical Guys Foam Cannon',49.00,'Torq Snow Foamer',8),(773,'Grit Guard Insert',12.00,'Wash bucket dirt trap',8),(774,'Thule Motion XT Roof Box',999.00,'Cargo carrier large',8),(775,'Yakima FrontLoader',229.00,'Roof bike rack',8),(776,'Kuat NV 2.0 Hitch',849.00,'Platform bike rack',8),(777,'Husky Liners Floor',165.00,'Heavy duty weather mats',8),(778,'Covercraft Sunscreen',85.00,'Custom fit UV shield',8),(779,'Meguiar’s Clay Bar Kit',29.00,'Paint restoration set',8),(780,'Bissell Auto SpotClean',159.00,'Upholstery carpet cleaner',8),(781,'Everlasting Comfort Seat',49.00,'Memory foam car cushion',8),(782,'ThisWorx Car Vacuum',39.99,'Portable high power vac',8),(783,'Faraday Pouch for Fob',12.00,'Signal blocking key bag',8),(784,'BougeRV 12V Fridge',299.00,'Portable car freezer',8),(785,'Dometic CFX3 35',899.00,'Premium mobile cooler',8),(786,'Jump Starter Hulkman',169.00,'2000A peak battery pack',8),(787,'BlueDriver OBDII',99.00,'Bluetooth scan tool',8),(788,'Torque Wrench Tekton',45.00,'1/2-inch drive clicker',8),(789,'Mechanix Wear Gloves',25.00,'Original tactical gloves',8),(790,'Magnetic Work Light',22.00,'LED hood light bar',8),(791,'Creeper Rolling Seat',65.00,'Mechanic workshop chair',8),(792,'Valvoline High Mileage',28.00,'Synthetic blend oil',8),(793,'Mobil 1 Extended Performance',35.00,'Full synthetic motor oil',8),(794,'Fram Ultra Synthetic',14.00,'High efficiency oil filter',8),(795,'Purolator One Filter',12.00,'Premium engine protection',8),(796,'NGK Iridium Spark Plug',9.50,'High performance laser',8),(797,'K&N Cabin Air Filter',45.00,'Reusable washable filter',8),(798,'Techron Fuel Cleaner',15.00,'Complete system treat',8),(799,'Sea Foam Motor Treatment',10.00,'Internal engine cleaner',8),(800,'Zerex G05 Antifreeze',18.00,'Heavy duty coolant',8),(801,'Peak BlueDef 2.5gal',16.00,'Diesel exhaust fluid',8),(802,'EGO Power+ Mower',599.00,'56V cordless select cut',9),(803,'Milwaukee M18 Trimmer',229.00,'Brushless string trimmer',9),(804,'DeWalt 20V Chainsaw',249.00,'Compact battery saw',9),(805,'Makita XCU03Z Saw',329.00,'Top handle chain saw',9),(806,'Worx Landroid Mower',999.00,'Robotic lawn explorer',9),(807,'Airthings View Radon',299.00,'Indoor air quality monitor',9),(808,'Rachio 3 Smart Controller',199.00,'8-zone sprinkler hub',9),(809,'Orbit B-hyve Timer',69.00,'Smart faucet hose timer',9),(810,'AeroGarden Bounty Elite',429.00,'Indoor hydroponic garden',9),(811,'Click and Grow Smart',99.00,'Indoor herb garden kit',9),(812,'Gardena Sileno City',899.00,'Quiet robot mower',9),(813,'Fiskars X27 Splitting Axe',65.00,'36-inch wood splitter',9),(814,'Corona RazorTooth Saw',25.00,'10-inch folding saw',9),(815,'Felco 2 One-Hand Pruner',64.00,'Classic bypass shears',9),(816,'Nisaku Hori Hori Knife',28.00,'Japanese digging tool',9),(817,'Bully Tools Shovel',45.00,'Round point digging spade',9),(818,'Gorilla Carts GOR4PS',129.00,'Poly dump cart 600lb',9),(819,'Greenworks Pressure Washer',249.00,'2300 PSI electric power',9),(820,'Karcher K5 Premium',349.00,'Electric power washer',9),(821,'Generac Portable Generator',899.00,'GP3300 gas generator',9),(822,'Jackery SolarSaga 100',299.00,'Foldable solar panel',9),(823,'EcoFlow Delta 2',999.00,'Portable power station',9),(824,'Bluetti EB3A Station',239.00,'Small LiFePO4 bank',9),(825,'Ooni Koda 12 Oven',399.00,'Gas powered pizza oven',9),(826,'Gozney Roccbox',499.00,'Portable stone pizza oven',9),(827,'Kamado Joe Classic II',1299.00,'Ceramic charcoal grill',9),(828,'Big Green Egg Large',1099.00,'Ceramic outdoor cooker',9),(829,'Traeger Ironwood 650',1399.00,'Wifi pellet grill',9),(830,'Camp Chef Woodwind',899.00,'Wifi sidekick grill',9),(831,'Yeti LoadOut Bucket',40.00,'Heavy duty 5-gallon',9),(832,'Igloo BMX 52 Cooler',99.00,'Heavy duty blow molded',9),(833,'Hydroponic Tower Garden',699.00,'Vertical growing system',9),(834,'Vegepod Raised Bed',229.00,'Self-watering planter',9),(835,'Vego Garden Raised Bed',189.00,'Modular metal planter',9),(836,'Bird Buddy Smart Feeder',299.00,'Camera equipped bird feeder',9),(837,'Squirrel Buster Plus',100.00,'Wild bird feeder 5lb',9),(838,'Back to the Roots Kit',20.00,'Organic mushroom grow',9),(839,'Rain Bird Sprinkler Kit',125.00,'In-ground system diy',9),(840,'Hampton Bay Patio Set',599.00,'5-piece dining furniture',9),(841,'Suncast Hose Hideaway',85.00,'Decorative hose storage',9),(842,'Dramm ColorStorm Hose',65.00,'Heavy duty rubber hose',9),(843,'Gilmour Watering Wand',22.00,'Adjustable spray nozzle',9),(844,'Scotts Spreader Elite',129.00,'Large capacity broadcast',9),(845,'Milorganite Fertilizer',22.00,'Organic nitrogen lawn care',9),(846,'Bonide Neem Oil',15.00,'Insecticide and fungicide',9),(847,'Dynatrap Mosquito Trap',149.00,'Outdoor flying insect control',9),(848,'Thermacell E55 Repeller',39.00,'Rechargeable mosquito shield',9),(849,'Tiki Brand Torch',35.00,'Adjustable flame bamboo',9),(850,'Arlo Floodlight Camera',249.00,'Wire-free 2K security',9),(851,'Blink Outdoor 4 Gen',119.00,'Wireless security cam',9),(852,'Whoop 4.0 Membership',30.00,'Monthly fitness subscription',10),(853,'Oura Ring Gen3',299.00,'Smart health tracking ring',10),(854,'Ultrahuman Ring AIR',349.00,'Metabolic tracking ring',10),(855,'Levels CGM Sensor',199.00,'Glucose metabolic monitor',10),(856,'Eight Sleep Pod Cover',2295.00,'Smart cooling mattress tech',10),(857,'Hatch Restore 2',199.00,'Sunrise alarm and sound machine',10),(858,'Loftie Smart Clock',149.00,'Relaxing bedroom alarm',10),(859,'Blue Light Glasses',25.00,'Digital eye strain relief',10),(860,'Renpho Eye Massager',69.99,'Heat and vibration mask',10),(861,'HoMedics Foot Massager',199.00,'Shiatsu air compression',10),(862,'Waterpik Cordless Adv',89.99,'Portable water flosser',10),(863,'Quip Electric Brush',25.00,'Starter sonic toothbrush',10),(864,'Lumineux Whitening',45.00,'Non-toxic whitening strips',10),(865,'Colgate Optic White',150.00,'LED teeth whitening kit',10),(866,'Sensodyne Repair & Protect',8.00,'Toothpaste for sensitivity',10),(867,'NeilMed Sinus Rinse',15.00,'Saline nasal irrigation kit',10),(868,'Neti Pot Ceramic',22.00,'Nasal cleaning vessel',10),(869,'Navage SaltPod 30pk',14.00,'Nasal irrigation refills',10),(870,'Emergen-C Probiotics',18.00,'Immune support orange',10),(871,'Garden of Life Probiotic',35.00,'Shelf stable 50 billion',10),(872,'Athletic Greens AG1',99.00,'Daily green nutrition powder',10),(873,'Vital Proteins Collagen',25.00,'Unflavored bovine peptides',10),(874,'Nordic Naturals Omega',32.00,'Ultimate fish oil 180ct',10),(875,'Sony ZV-E10',698.00,'Vlogging Mirrorless Camera',1),(876,'Fujifilm X100VI',1599.00,'Premium Fixed Lens Camera',1),(877,'Sigma 24-70mm f/2.8',1099.00,'Art Series Zoom Lens',1),(878,'Tamron 28-75mm G2',899.00,'Fast Standard Zoom',1),(879,'Rode VideoMic Pro+',299.00,'Directional On-camera Mic',1),(880,'DJI Osmo Pocket 3',519.00,'Gimbal Stabilized Camera',1),(881,'GoPro Max 360',499.00,'Dual Lens 360 Action Cam',1),(882,'Panasonic GH6',1699.00,'Professional Video Camera',1),(883,'Blackmagic Pocket 6K',2495.00,'Cinema Grade Camera',1),(884,'Atomos Ninja V',499.00,'5-inch HDR Monitor-Recorder',1),(885,'Lexar Professional 256GB',89.99,'SDXC UHS-II Memory Card',1),(886,'Samsung T7 Shield 4TB',349.99,'Rugged External SSD',1),(887,'LaCie Rugged 5TB',179.99,'External USB-C HDD',1),(888,'OWC Thunderbolt Dock',279.00,'11-port Docking Station',1),(889,'CalDigit TS4 Dock',399.95,'Thunderbolt 4 Station',1),(890,'BenQ SW271C',1599.00,'Photographer 4K Monitor',1),(891,'Eizo ColorEdge',2300.00,'Pro Color Grading Display',1),(892,'Wacom Cintiq 16',649.00,'Creative Pen Display',1),(893,'X-Rite i1Display Pro',279.00,'Monitor Calibration Tool',1),(894,'LoupeDeck CT',549.00,'Editing Console',1),(895,'Stream Deck Pedal',89.99,'Hands-free controller',1),(896,'Razer Kiyo Pro Ultra',299.99,'4K Desktop Webcam',1),(897,'Logitech Litra Glow',59.99,'Streaming LED Light',1),(898,'Sennheiser MKH 416',999.00,'Industry Standard Shotgun Mic',1),(899,'Zoom H6 Essential',299.00,'Handheld Field Recorder',1),(900,'Universal Audio Apollo',899.00,'Desktop Audio Interface',1),(901,'Beyerdynamic DT 1990 Pro',529.00,'Open Back Studio Headphones',1),(902,'Audeze Maxwell',299.00,'Planar Magnetic Gaming Headset',1),(903,'Drop + Sennheiser HD6XX',219.00,'Audiophile Collaboration',1),(904,'FiiO K7 DAC',199.00,'Balanced Desktop Amp',1),(905,'Schiit Magni Heretic',109.00,'Headphone Amp',1),(906,'Hifiman Sundara',299.00,'Planar Magnetic Headphones',1),(907,'Sony IER-M9',999.00,'In-Ear Monitor Earphones',1),(908,'Moondrop Blessing 3',319.00,'Hybrid IEM',1),(909,'Etymotic ER4SR',299.00,'High Isolation Monitors',1),(910,'Sonos Arc Soundbar',899.00,'Dolby Atmos Home Theater',1),(911,'KEF LS50 Wireless II',2499.00,'Hi-Fi Active Speakers',1),(912,'Klipsch The Fives',799.00,'Powered Bookshelf Speakers',1),(913,'Audioengine A2+',269.00,'Desktop Mini Speakers',1),(914,'Cambridge Audio CXA81',1299.00,'Integrated Amplifier',1),(915,'Pro-Ject Debut Carbon',599.00,'Audiophile Turntable',1),(916,'Technics SL-1200MK7',1099.00,'DJ Standard Turntable',1),(917,'Fluance RT85',499.00,'Reference Turntable',1),(918,'Denon AVR-X3800H',1499.00,'9.4 Ch Home Theater Receiver',1),(919,'Marantz Cinema 50',2500.00,'Premium AV Amplifier',1),(920,'Epson LS12000',4999.00,'4K Laser Projector',1),(921,'BenQ TK700STi',1499.00,'4K Gaming Projector',1),(922,'Samsung The Frame 65\"',1999.00,'Lifestyle QLED TV',1),(923,'LG G3 OLED 77\"',3499.00,'Gallery Series 4K TV',1),(924,'TCL QM8 85\"',2199.00,'Mini-LED 4K Smart TV',1),(925,'Hisense U8K 65\"',999.00,'Mini-LED Google TV',1),(926,'Nvidia RTX 4070 Ti',799.00,'High End GPU',1),(927,'AMD Radeon RX 7900 XTX',949.00,'Flagship AMD GPU',1),(928,'Intel Core i9-14900K',589.00,'24-core Desktop CPU',1),(929,'Noctua NH-U12A',119.00,'Premium Air Cooler',1),(930,'Arctic Liquid Freezer III',129.00,'Efficient AIO Cooler',1),(931,'Corsair Dominator 64GB',289.00,'High Performance RAM',1),(932,'MSI MEG X670E Godlike',1299.00,'Extreme Motherboard',1),(933,'EVGA SuperNova 1000W',199.00,'Titanium Power Supply',1),(934,'Fractal Design Terra',179.00,'Small Form Factor Case',1),(935,'Phanteks NV7',219.00,'Full Tower Glass Case',1),(936,'Thermaltake Tower 500',169.00,'Vertical Mid Tower',1),(937,'Logitech G915 TKL',229.00,'Wireless Low Profile Keyboard',1),(938,'SteelSeries Apex Pro',199.00,'OmniPoint Switch Keyboard',1),(939,'Wooting 60HE',175.00,'Analog Mechanical Keyboard',1),(940,'Zowie EC1-CW',149.00,'Ergonomic Wireless Mouse',1),(941,'Pulsar X2V2',99.00,'Symmetric Gaming Mouse',1),(942,'Finalmouse UltralightX',189.00,'Carbon Fiber Mouse',1),(943,'Artisan Hayate Otsu',65.00,'Premium FX Mousepad',1),(944,'SkyPAD Glass 3.0',119.00,'Glass Gaming Surface',1),(945,'Secretlab Magnus Pro',799.00,'Sit-to-Stand Metal Desk',1),(946,'ASUS Zenbook Duo',1499.00,'Dual Screen Laptop',1),(947,'Framework Laptop 16',1699.00,'Modular Repairable Laptop',1),(948,'HP Spectre x360',1399.00,'2-in-1 Convertible Laptop',1),(949,'Lenovo Yoga Slim 7x',1199.00,'Snapdragon X Elite Laptop',1),(950,'Microsoft Surface Pro 11',999.00,'AI Powered Tablet',1),(951,'Samsung Galaxy Tab S9 Ultra',1199.00,'14.6-inch AMOLED Tablet',1),(952,'iPad Mini 6',499.00,'Compact Apple Tablet',1),(953,'Steam Deck 1TB OLED',649.00,'Valve Handheld Console',1),(954,'ASUS ROG Ally X',799.00,'Windows Gaming Handheld',1),(955,'Lenovo Legion Go',699.00,'8.8-inch Gaming Handheld',1),(956,'Retroid Pocket 4 Pro',199.00,'Android Retro Handheld',1),(957,'Analogue Pocket',219.00,'FPGA Retro Multi-system',1),(958,'Insta360 Flow',159.00,'AI Smartphone Gimbal',1),(959,'DJI Air 3',1099.00,'Dual Camera Drone',1),(960,'Autel Evo Lite+',1249.00,'Drone with 1-inch sensor',1),(961,'Synology BeeDrive',199.00,'Fast Personal Data Hub',1),(962,'TerraMaster F4-424 Pro',699.00,'8-core 4-bay NAS',1),(963,'Ubiquiti UniFi Express',149.00,'Cloud Gateway & Wi-Fi',1),(964,'MikroTik RB5009',219.00,'Heavy Duty Home Router',1),(965,'Starlink Standard Kit',599.00,'Satellite Internet Hardware',1),(966,'Peplink MAX BR1',649.00,'Industrial 4G/5G Router',1),(967,'GL.iNet Slate AX',129.00,'Travel Wi-Fi 6 Router',1),(968,'Oura Ring 4',349.00,'Smart Health Ring New Gen',1),(969,'Withings ScanWatch 2',349.00,'Hybrid Smartwatch EKG',1),(970,'Garmin Epix Gen 2',899.00,'AMOLED Outdoor GPS Watch',1),(971,'Casio G-Shock MR-G',3000.00,'Titanium Luxury G-Shock',1),(972,'Suunto Race S',349.00,'Performance Racing Watch',1),(973,'Polar Vantage V3',599.00,'Biometric Training Watch',1),(974,'Whoop Body T-Shirt',54.00,'Smart Apparel Integration',1),(975,'Iron Heart 21oz Jeans',350.00,'Heavyweight Selvedge Denim',2),(976,'Momotaro 0306-V',295.00,'Japanese Selvedge Denim',2),(977,'Pure Blue Japan XX-013',315.00,'Slubby Indigo Denim',2),(978,'Naked & Famous Elephant',195.00,'Extra Heavy Raw Denim',2),(979,'Unbranded UB201',88.00,'Entry Level Selvedge',2),(980,'APC Petit New Standard',235.00,'Classic Raw Denim Jeans',2),(981,'Orslow 105 Standard',285.00,'One Wash Japanese Denim',2),(982,'Sugar Cane 1947',220.00,'Vintage Style Denim',2),(983,'Nudie Jeans Lean Dean',185.00,'Organic Stretch Denim',2),(984,'Wrangler 13MWZ',45.00,'Cowboy Cut Original',2),(985,'Lee 101Z Selvedge',190.00,'Heritage Slim Fit',2),(986,'Stone Island Sweatshirt',345.00,'Garment Dyed Crewneck',2),(987,'CP Company Goggle Hoodie',415.00,'Iconic Lens Hood',2),(988,'Acne Studios Nash Tee',150.00,'Face Patch Basic Tee',2),(989,'Sunspel Riviera Polo',155.00,'Bond Style Mesh Polo',2),(990,'John Smedley Cardigan',285.00,'Sea Island Cotton Knit',2),(991,'Drake’s Oxford Shirt',235.00,'Handmade Button Down',2),(992,'Gitman Vintage Flannel',215.00,'Made in USA Flannel',2),(993,'Filson Mackinaw Cruiser',495.00,'Heavy Wool Work Jacket',2),(994,'Schott NYC 618',950.00,'Perfecto Leather Jacket',2),(995,'Baracuta G9 Harrington',425.00,'Classic Fraser Tartan Coat',2),(996,'Alpha Industries MA-1',190.00,'Classic Bomber Jacket',2),(997,'Moncler Maya Jacket',1650.00,'Down Puffer Jacket',2),(998,'Canada Goose Expedition',1495.00,'Extreme Cold Parka',2),(999,'Belstaff Trialmaster',595.00,'Belted Waxed Jacket',2),(1000,'Rick Owens Ramones',950.00,'Avant-Garde High Tops',2),(1001,'Common Projects Achilles',415.00,'Luxury Minimalist Sneaker',2),(1002,'Maison Margiela GAT',540.00,'German Army Trainer',2),(1003,'Golden Goose Super-Star',595.00,'Distressed Italian Sneaker',2),(1004,'Hoka Bondi 8',165.00,'Max Cushion Runner',2),(1005,'Salomon XT-6',200.00,'Trail Lifestyle Sneaker',2),(1006,'On Cloudmonster',170.00,'CloudTec Cushioning',2),(1007,'Saucony Endorphin Pro',225.00,'Carbon Plate Racer',2),(1008,'Altra Lone Peak 8',150.00,'Zero Drop Trail Shoe',2),(1009,'Vivobarefoot Primus',170.00,'Barefoot Performance Shoe',2),(1010,'Red Wing Iron Ranger',349.00,'Work Heritage Boot',2),(1011,'Alden 403 Indy Boot',625.00,'Chromexcel Work Boot',2),(1012,'Tricker’s Stow Boot',650.00,'Country Brogue Boot',2),(1013,'Viberg Service Boot',820.00,'Stitchdown Construction',2),(1014,'White’s Perry Boot',320.00,'Moc Toe Wedge Sole',2),(1015,'Blundstone 585',220.00,'Rustic Brown Chelsea',2),(1016,'RM Williams Comfort Craftsman',535.00,'One Piece Leather Chelsea',2),(1017,'Crockett & Jones Islay',815.00,'Full Grain Scotch Grain',2),(1018,'Edward Green Galway',1650.00,'English Field Boot',2),(1019,'Berluti Alessandro',2450.00,'Patina Wholecut Oxford',2),(1020,'John Lobb City II',1450.00,'Benchmark Oxford Shoe',2),(1021,'Loro Piana Open Walk',1100.00,'Suede Comfort Boot',2),(1022,'Brunello Cucinelli Knit',1250.00,'Cashmere Crewneck',2),(1023,'Missoni Zig Zag Polo',495.00,'Signature Knit Pattern',2),(1024,'Thom Browne Cardigan',990.00,'4-Bar Stripe Cashmere',2),(1025,'Our Legacy Box Shirt',260.00,'Relaxed Fit Overshirt',2),(1026,'Fear of God Essentials Hoodie',95.00,'Streetwear Basic',2),(1027,'Off-White Vulcanized Low',385.00,'Curb Sneaker',2),(1028,'Palm Angels Track Jacket',495.00,'Retro Sport Luxe',2),(1029,'Vetements Logo Hoodie',850.00,'Oversized Streetwear',2),(1030,'Balenciaga Triple S',1150.00,'Chunky Designer Sneaker',2),(1031,'Gucci Ace Sneaker',790.00,'Web Stripe Leather',2),(1032,'Prada Linea Rossa Tee',450.00,'Technical Jersey Shirt',2),(1033,'Hermes Avalon Blanket',1750.00,'Wool & Cashmere Throw',2),(1034,'Burberry Check Scarf',550.00,'Cashmere Heritage Wrap',2),(1035,'Loewe Puzzle Bag Mini',2300.00,'Geometric Leather Crossbody',2),(1036,'Celine Triomphe Belt',590.00,'Gold Buckle Calfskin',2),(1037,'Bottega Veneta Cassette',2900.00,'Intrecciato Padded Bag',2),(1038,'Dior B23 High Top',1100.00,'Oblique Canvas Sneaker',2),(1039,'Saint Laurent Wyatt Boot',1150.00,'Harness Chelsea Suede',2),(1040,'Tom Ford Buckley Duffel',3900.00,'Luxury Grained Leather',2),(1041,'Kiton K-50 Suit',15000.00,'Bespoke Handmade Tailoring',2),(1042,'Zegna Trofeo Shirt',495.00,'Extra Long Staple Cotton',2),(1043,'Inis Meáin Sweater',450.00,'Irish Aran Island Knit',2),(1044,'Andersen-Andersen Sailor',345.00,'Merino Wool Symmetrical',2),(1045,'Dehen 1920 Varsity',625.00,'Wool and Bison Leather',2),(1046,'Real McCoys A-2',2400.00,'Horsehide Flight Jacket',2),(1047,'Buzz Rickson Chinos',195.00,'WWII Reproduction Trousers',2),(1048,'Stan Ray Painter Pant',85.00,'Drill Cotton Work Pant',2),(1049,'Gramicci G-Shorts',70.00,'Climbing Inspired Shorts',2),(1050,'Engineered Garments Bedford',395.00,'Cotton Ripstop Blazer',2),(1051,'Battenwear Packable Anorak',265.00,'Travel Outdoor Shell',2),(1052,'Snow Peak Takibi Vest',380.00,'Fire-Resistant Utility Vest',2),(1053,'Goldwin Gore-Tex Shell',750.00,'Minimalist Ski Jacket',2),(1054,'Klattermusen Mithril',280.00,'Kevlar Reinforced Softshell',2),(1055,'Tilak Raptor Jacket',650.00,'Technical Alpine Gore-Tex',2),(1056,'Norrona Lofoten Parka',890.00,'Pro Freeride Jacket',2),(1057,'Mammut Eiger Extreme',750.00,'Summit Technical Layer',2),(1058,'Rab Electron Pro',295.00,'Down Insulated Hoodie',2),(1059,'Mountain Equipment Lightline',280.00,'High Altitude Down',2),(1060,'Outdoor Research Ferrosi',99.00,'Versatile Softshell',2),(1061,'Black Diamond Dawn Patrol',220.00,'Backcountry Touring Shell',2),(1062,'Smartwool Classic Thermal',115.00,'Merino Base Layer',2),(1063,'Icebreaker Oasis 200',105.00,'Lightweight Merino Top',2),(1064,'Darn Tough Hiker Boot',27.00,'Guaranteed for Life Socks',2),(1065,'Wigwam 40 Below',18.00,'Extreme Cold Thermal Socks',2),(1066,'Fox River Wick Dry',15.00,'Performance Moisture Management',2),(1067,'Thorlos Distance Walking',19.00,'Padded Activity Socks',2),(1068,'Falke Airport Socks',25.00,'Cotton & Merino Blend',2),(1069,'Pantherella Danvers',30.00,'Fine Ribbed Fil d’Ecosse',2),(1070,'Viccel Silk Socks',45.00,'Pure Silk Evening Hose',2),(1071,'Gallo Vertical Stripe',35.00,'Multicolored Cotton Knit',2),(1072,'CHUP Native Socks',38.00,'Fair Isle Pattern Knit',2),(1073,'Kapital Smiley Sock',45.00,'Japanese Cult Design',2),(1074,'Rototo Double Face',32.00,'Merino and Organic Cotton',2),(1075,'Ankarsrum Assistans',749.00,'Original Swedish Stand Mixer',3),(1076,'Magimix 5200XL',549.00,'French Food Processor',3),(1077,'Sage Oracle Touch',2499.00,'Automated Espresso Machine',3),(1078,'La Marzocco Linea Micra',3900.00,'Home Luxury Espresso',3),(1079,'Rocket Espresso Appartamento',1850.00,'E61 Group Heat Exchange',3),(1080,'Bezzera Aria',1650.00,'Compact Manual Espresso',3),(1081,'Eureka Mignon Specialita',650.00,'Silent Coffee Grinder',3),(1082,'Mazzer Mini',795.00,'Professional Burr Grinder',3),(1083,'Weber HG-2 Grinder',1200.00,'Manual Single Dose Burr',3),(1084,'Comandante C40 MK4',325.00,'Precision Manual Grinder',3),(1085,'Hario Switch',45.00,'Immersion Coffee Dripper',3),(1086,'Kalita Wave 185',35.00,'Flat Bottom Pour Over',3),(1087,'Fellow Carter Mug',40.00,'Ceramic Lined Travel Mug',3),(1088,'Ember Mug 2',129.00,'App-controlled Heated Mug',3),(1089,'Balmuda The Toaster',299.00,'Steam Technology Toaster',3),(1090,'June Intelligent Oven',999.00,'Convection Smart Oven',3),(1091,'Breville Pizzaiolo',999.00,'800F Indoor Pizza Oven',3),(1092,'Anova Precision Oven',699.00,'Combi Steam Smart Oven',3),(1093,'Miele Triflex HX2',749.00,'3-in-1 Cordless Vacuum',3),(1094,'Dyson Gen5Outsize',1049.00,'Largest Cordless Vacuum',3),(1095,'Henry Quick',299.00,'Pod Cordless Stick Vac',3),(1096,'Sebo Felix Premium',699.00,'German Upright Vacuum',3),(1097,'Windsor Sensor S12',795.00,'Commercial Grade Vacuum',3),(1098,'iRobot Braava Jet m6',449.00,'Ultimate Robot Mop',3),(1099,'Narwal Freo X Ultra',1399.00,'Mop with Dirt Sensing',3),(1100,'Blueair Protect 7470i',849.00,'HealthProtect Air Purifier',3),(1101,'Molekule Air Pro',1015.00,'PECO Air Purification',3),(1102,'IQAir HealthPro Plus',899.00,'HyperHEPA Medical Grade',3),(1103,'Dyson Humidifier PH04',949.00,'Hygienic Formaldehyde Purifier',3),(1104,'Boneco W200',249.00,'Air Washer and Humidifier',3),(1105,'Stadler Form Oskar',169.00,'Evaporative Humidifier',3),(1106,'Venta Airwasher LW25',299.00,'Water-based Air Filter',3),(1107,'Nishikawa Air Mattress',1200.00,'Japanese Pressure Relief',3),(1108,'Tempur-Pedic ProAdapt',3299.00,'Advanced Pressure Relief',3),(1109,'Saatva Classic',1995.00,'Luxury Innerspring Hybrid',3),(1110,'Purple RestorePremier',3495.00,'GelFlex Grid Mattress',3),(1111,'Frette Hotel Sheets',550.00,'Italian Percale Cotton',3),(1112,'Sferra Giza 45',1200.00,'Finest Egyptian Cotton',3),(1113,'Matouk Lowell',450.00,'Signature Scalloped Bedding',3),(1114,'Pendleton Glacier Park',279.00,'100% Virgin Wool Blanket',3),(1115,'Rumpl Down Puffy',249.00,'Outdoor Camping Blanket',3),(1116,'Klippan Wool Throw',145.00,'Eco-Wool Swedish Design',3),(1117,'Herman Miller Eames Lounge',6495.00,'Iconic Leather Chair',3),(1118,'Knoll Barcelona Chair',8200.00,'Ludwig Mies van der Rohe',3),(1119,'Vitra Panton Chair',450.00,'S-Shaped Plastic Classic',3),(1120,'Fritz Hansen Series 7',625.00,'Arne Jacobsen Stacking Chair',3),(1121,'Artek Stool 60',315.00,'Alvar Aalto Birch Stool',3),(1122,'Louis Poulsen PH 5',1100.00,'Glare-Free Pendant Light',3),(1123,'Artemide Tolomeo',425.00,'Architectural Desk Lamp',3),(1124,'Flos Snoopy Lamp',1295.00,'Carrara Marble Table Lamp',3),(1125,'Anglepoise Original 1227',350.00,'British Tension Spring Lamp',3),(1126,'Mauviel M200C',450.00,'Copper Saucepan 2mm',3),(1127,'Falk Culinair Fry Pan',320.00,'Bimetal Copper Stainless',3),(1128,'Demeyere Atlantis',345.00,'7-Ply Induction Fry Pan',3),(1129,'Cristel Castel’Pro',220.00,'Professional French Sauté',3),(1130,'Scanpan HaptIQ',200.00,'PFOA-Free Nonstick Skillet',3),(1131,'Vollrath Tribute',115.00,'Commercial Tri-Ply Pan',3),(1132,'Bourgeat Excellence',185.00,'Stainless Heavy Duty Pot',3),(1133,'Finex Cast Iron Skillet',250.00,'Octagonal Polished Iron',3),(1134,'Smithey No. 12',210.00,'Smooth Polished Cast Iron',3),(1135,'Field Company No. 8',145.00,'Lightweight Cast Iron',3),(1136,'Butter Pat Heather',345.00,'Hand-cast Polished Skillet',3),(1137,'Stargazer 10.5\"',115.00,'Satin Finish Cast Iron',3),(1138,'Emile Henry Tagine',170.00,'Ceramic Moroccan Cooker',3),(1139,'Hearth Steel Pizza Stone',125.00,'Conductive Baking Steel',3),(1140,'Chasseur Round Casserole',245.00,'Double Enameled Iron',3),(1141,'Dansk Kobenstyle',115.00,'Mid-Century Enamel Pot',3),(1142,'Kramer by Zwilling',399.00,'Meiji 8-inch Chef Knife',3),(1143,'Masamoto VG-10',210.00,'Japanese Gyuto Knife',3),(1144,'Misono UX10',245.00,'Swedish Steel Kitchen Knife',3),(1145,'Tojiro DP Gyuto',95.00,'Entry Pro Japanese Knife',3),(1146,'Mac MTH-80',145.00,'Professional Hollow Edge',3),(1147,'Wusthof Ikon',225.00,'Blackwood Handle Chef Knife',3),(1148,'Zwilling Pro S',180.00,'Classic German Forged Knife',3),(1149,'Messermeister Oliva Elite',195.00,'Italian Olive Wood Handle',3),(1150,'Robert Herder K-5',285.00,'Windmühlenmesser Thin Grind',3),(1151,'Tormek T-8',850.00,'Water Cooled Sharpening System',3),(1152,'Spyderco Gauntlet',65.00,'Easy Knife Sharpener',3),(1153,'Shapton Glass Stone 1000',65.00,'High Performance Whetstone',3),(1154,'Suehiro Cerax 1000',45.00,'Japanese Soaking Stone',3),(1155,'Atoma Diamond Plate 400',85.00,'Stone Flattening Plate',3),(1156,'Riedel Sommelier Burgundy',125.00,'Mouth-Blown Wine Glass',3),(1157,'Zalto Denk’Art Universal',75.00,'Ultralight Crystal Glass',3),(1158,'Gabriel-Glas Gold',70.00,'One-for-all Wine Glass',3),(1159,'Schott Zwiesel Pure',15.00,'Tritan Crystal Glassware',3),(1160,'Baccarat Harcourt 1841',350.00,'Luxury French Lead Crystal',3),(1161,'Waterford Lismore',95.00,'Diamond Cut Crystal Tumbler',3),(1162,'Yukiwa Baron Shaker',115.00,'Japanese Precision Barware',3),(1163,'Koriko Weighted Tins',22.00,'Professional Cocktail Shaker',3),(1164,'Aarke Carbonator 3',259.00,'Steel Soda Water Maker',3),(1165,'Spiegelau IPA Glass',12.00,'Aromatic Beer Glassware',3),(1166,'Kinto Day Off Tumbler',38.00,'Japanese Minimalist Bottle',3),(1167,'Stelton EM77 Vacuum',99.00,'Classic Danish Pitcher',3),(1168,'Alessi Whistling Kettle',235.00,'Richard Sapper Design',3),(1169,'Vev Vigano Moka Pot',95.00,'Stainless Steel Espresso Maker',3),(1170,'Bialetti Venus',45.00,'Modern Induction Moka',3),(1171,'Chemex Ottomatic',350.00,'Automated Pour Over Machine',3),(1172,'Technivorm Cup-One',249.00,'Single Cup Precision Brewer',3),(1173,'Wilfa Uniform Grinder',350.00,'Flat Burr Home Grinder',3),(1174,'Ode Brew Grinder Gen 2',345.00,'Fellow Vertical Burr',3),(1175,'Infinite Jest',20.00,'David Foster Wallace',4),(1176,'Ulysses',18.00,'James Joyce Modernist',4),(1177,'Gravity’s Rainbow',22.00,'Thomas Pynchon Postmodern',4),(1178,'Blood Meridian',17.00,'Cormac McCarthy Western',4),(1179,'The Road',16.00,'Cormac McCarthy Post-Apoc',4),(1180,'No Country for Old Men',15.00,'Cormac McCarthy Crime',4),(1181,'Beloved',16.00,'Toni Morrison Pulitzer',4),(1182,'Song of Solomon',17.00,'Toni Morrison Fiction',4),(1183,'Underworld',20.00,'Don DeLillo American Epic',4),(1184,'White Noise',16.00,'Don DeLillo Satire',4),(1185,'Mason & Dixon',22.00,'Thomas Pynchon History',4),(1186,'The Crying of Lot 49',14.00,'Thomas Pynchon Satire',4),(1187,'American Pastoral',18.00,'Philip Roth Tragedy',4),(1188,'Portnoy’s Complaint',16.00,'Philip Roth Humor',4),(1189,'Rabbit, Run',15.00,'John Updike Series',4),(1190,'Slaughterhouse-Five',16.00,'Kurt Vonnegut Sci-Fi',4),(1191,'Cat’s Cradle',15.00,'Kurt Vonnegut Satire',4),(1192,'Catch-22',17.00,'Joseph Heller War Satire',4),(1193,'Lolita',18.00,'Vladimir Nabokov Classic',4),(1194,'Pale Fire',17.00,'Vladimir Nabokov Metafiction',4),(1195,'One Hundred Years of Solitude',19.00,'Gabriel Garcia Marquez',4),(1196,'Love in the Time of Cholera',18.00,'Gabriel Garcia Marquez',4),(1197,'The Shadow of the Wind',17.00,'Carlos Ruiz Zafon Mystery',4),(1198,'Kafka on the Shore',18.00,'Haruki Murakami Surreal',4),(1199,'Norwegian Wood',16.00,'Haruki Murakami Romance',4),(1200,'1Q84',25.00,'Haruki Murakami Trilogy',4),(1201,'The Wind-Up Bird Chronicle',20.00,'Haruki Murakami Epic',4),(1202,'Crime and Punishment',15.00,'Fyodor Dostoevsky',4),(1203,'The Brothers Karamazov',18.00,'Fyodor Dostoevsky Philosophy',4),(1204,'War and Peace',25.00,'Leo Tolstoy Epic',4),(1205,'Anna Karenina',17.00,'Leo Tolstoy Tragedy',4),(1206,'The Master and Margarita',16.00,'Mikhail Bulgakov Satire',4),(1207,'The Unbearable Lightness of Being',17.00,'Milan Kundera',4),(1208,'The Name of the Rose',18.00,'Umberto Eco Mystery',4),(1209,'Foucault’s Pendulum',19.00,'Umberto Eco History',4),(1210,'Midnight’s Children',18.00,'Salman Rushdie Fantasy',4),(1211,'The Satanic Verses',20.00,'Salman Rushdie Magic Realism',4),(1212,'The God of Small Things',16.00,'Arundhati Roy Drama',4),(1213,'A Fine Balance',19.00,'Rohinton Mistry History',4),(1214,'Disgrace',15.00,'J.M. Coetzee Drama',4),(1215,'Things Fall Apart',14.00,'Chinua Achebe Post-Colonial',4),(1216,'The Handmaid’s Tale',16.00,'Margaret Atwood Dystopia',4),(1217,'Oryx and Crake',17.00,'Margaret Atwood Sci-Fi',4),(1218,'The Blind Assassin',18.00,'Margaret Atwood Fiction',4),(1219,'Neuromancer',15.00,'William Gibson Cyberpunk',4),(1220,'Snow Crash',16.00,'Neal Stephenson Cyberpunk',4),(1221,'Cryptonomicon',22.00,'Neal Stephenson History',4),(1222,'Anathem',22.00,'Neal Stephenson Sci-Fi',4),(1223,'The Left Hand of Darkness',16.00,'Ursula K. Le Guin',4),(1224,'The Dispossessed',16.00,'Ursula K. Le Guin Utopia',4),(1225,'Hyperion',17.00,'Dan Simmons Space Opera',4),(1226,'Foundation',15.00,'Isaac Asimov Sci-Fi',4),(1227,'I, Robot',14.00,'Isaac Asimov Short Story',4),(1228,'Brave New World',16.00,'Aldous Huxley Dystopia',4),(1229,'The Doors of Perception',14.00,'Aldous Huxley Philosophy',4),(1230,'The Stranger',14.00,'Albert Camus Existential',4),(1231,'The Myth of Sisyphus',15.00,'Albert Camus Philosophy',4),(1232,'Being and Nothingness',30.00,'Jean-Paul Sartre',4),(1233,'Nausea',15.00,'Jean-Paul Sartre Novel',4),(1234,'The Second Sex',25.00,'Simone de Beauvoir',4),(1235,'The Wretched of the Earth',18.00,'Frantz Fanon',4),(1236,'Orientalism',19.00,'Edward Said Cultural Theory',4),(1237,'The Gutenberg Galaxy',20.00,'Marshall McLuhan',4),(1238,'A Brief History of Time',18.00,'Stephen Hawking Physics',4),(1239,'The Selfish Gene',17.00,'Richard Dawkins Biology',4),(1240,'Cosmos',22.00,'Carl Sagan Science',4),(1241,'The Demon-Haunted World',18.00,'Carl Sagan Skepticism',4),(1242,'The Sixth Extinction',18.00,'Elizabeth Kolbert Nature',4),(1243,'Silent Spring',17.00,'Rachel Carson Environment',4),(1244,'The Omnivore’s Dilemma',18.00,'Michael Pollan Food',4),(1245,'Salt, Fat, Acid, Heat',35.00,'Samin Nosrat Cooking',4),(1246,'The Food Lab',50.00,'J. Kenji Lopez-Alt Science',4),(1247,'Modernist Cuisine',625.00,'Nathan Myhrvold 6-volume',4),(1248,'Kitchen Confidential',17.00,'Anthony Bourdain Memoir',4),(1249,'The 7 Habits',18.00,'Stephen Covey Business',4),(1250,'Good to Great',22.00,'Jim Collins Management',4),(1251,'Principles',30.00,'Ray Dalio Finance',4),(1252,'The Black Swan',19.00,'Nassim Nicholas Taleb',4),(1253,'Antifragile',20.00,'Nassim Nicholas Taleb Philosophy',4),(1254,'Thinking in Systems',18.00,'Donella Meadows',4),(1255,'The Power of Habit',17.00,'Charles Duhigg Psychology',4),(1256,'Influence',19.00,'Robert Cialdini Persuasion',4),(1257,'Flow',17.00,'Mihaly Csikszentmihalyi',4),(1258,'Quiet',17.00,'Susan Cain Introversion',4),(1259,'The Tipping Point',18.00,'Malcolm Gladwell Social',4),(1260,'Fast Food Nation',17.00,'Eric Schlosser Journalism',4),(1261,'The New Jim Crow',19.00,'Michelle Alexander Society',4),(1262,'Evicted',18.00,'Matthew Desmond Sociology',4),(1263,'The Emperor of All Maladies',20.00,'Siddhartha Mukherjee',4),(1264,'The Gene',22.00,'Siddhartha Mukherjee History',4),(1265,'Stiff',16.00,'Mary Roach Science Humor',4),(1266,'Gulp',16.00,'Mary Roach Digestion',4),(1267,'Astrophysics for People in a Hurry',19.00,'Neil deGrasse Tyson',4),(1268,'The Wright Brothers',20.00,'David McCullough History',4),(1269,'John Adams',22.00,'David McCullough Biography',4),(1270,'Team of Rivals',25.00,'Doris Kearns Goodwin',4),(1271,'The Power Broker',45.00,'Robert Caro Biography',4),(1272,'Robert Moses',20.00,'Caro Mini Edition',4),(1273,'Medallion Status',18.00,'John Hodgman Essays',4),(1274,'The Areas of My Expertise',16.00,'John Hodgman Almanac',4),(1275,'Rogue R-3 Rack',750.00,'Power Lifting Rack',5),(1276,'Eleiko IWF Bar',1100.00,'Olympic Weightlifting Bar',5),(1277,'Kettlebell Kings 24kg',125.00,'Competition Kettlebell',5),(1278,'Peloton Tread',2995.00,'Smart Home Running Machine',5),(1279,'Hydrow Rower',2495.00,'Live Outdoor Reality Rower',5),(1280,'La Mer The Eye Balm',245.00,'Luxury Eye Treatment',6),(1281,'Dyson Corrale',499.00,'Cordless Hair Straightener',6),(1282,'Chanel Sublimage',425.00,'Regenerating Face Cream',6),(1283,'LEGO Venator Star Destroyer',649.00,'UCS Star Wars Building Set',7),(1284,'Tamiya RC Grasshopper',115.00,'Classic RC Buggy Kit',7),(1285,'DJI Avata 2',1199.00,'FPV Racing Drone Set',7),(1286,'Brembo GT Braking Kit',3500.00,'Performance Brake Upgrade',8),(1287,'Ohlins Road & Track',2800.00,'Coilover Suspension System',8),(1288,'Michelin Pilot Alpin',280.00,'Winter Performance Tire',8),(1289,'Husqvarna 550XP G',799.00,'Professional Chainsaw',9),(1290,'Ooni Karu 16',799.00,'Multi-fuel Outdoor Pizza Oven',9),(1291,'Weber Summit S-470',2499.00,'Premium Gas Grill Center',9),(1292,'Omron Evolv',99.00,'Wireless Blood Pressure Monitor',10),(1293,'Thorne Research Multivitamin',45.00,'High Absorption Supplements',10),(1294,'Kachava Superfood',70.00,'All-in-one Meal Shake',10),(1295,'Logitech MX Master 3S',99.00,'Ergonomic wireless office mouse',1),(1296,'Keychron K2 Wireless',79.99,'Mechanical keyboard 75% layout',1),(1297,'Sony WH-1000XM5',399.99,'Industry leading noise canceling',1),(1298,'Samsung Odyssey G9',1299.00,'49-inch curved gaming monitor',1),(1299,'Apple Watch Series 9',399.00,'S9 chip fitness smartwatch',1),(1300,'Sony A7R V',3899.00,'High resolution mirrorless camera',1),(1301,'DJI Mini 4 Pro',759.00,'Ultralight folding drone',1),(1302,'Razer Blade 16',2999.99,'Gaming laptop with RTX 4080',1),(1303,'Google Pixel 8 Pro',999.00,'AI powered Android smartphone',1),(1304,'Sonos Era 300',449.00,'Spatial audio smart speaker',1),(1305,'Elgato Wave:3',149.99,'USB condenser microphone',1),(1306,'Western Digital 12TB',249.00,'Desktop external hard drive',1),(1307,'Corsair Vengeance 32GB',115.00,'DDR5 RAM 6000MHz',1),(1308,'Asus ROG Ally',699.00,'Handheld Windows gaming PC',1),(1309,'Kindle Scribe',339.99,'E-reader and digital notebook',1),(1310,'Meta Quest 3',499.00,'Mixed reality VR headset',1),(1311,'Nikon Z8',3699.00,'Pro full-frame mirrorless',1),(1312,'Philips Hue Sync Box',249.99,'HDMI light sync controller',1),(1313,'Belkin 3-in-1 Charger',149.00,'MagSafe wireless station',1),(1314,'Blueberry Mic Blackout',99.00,'Professional USB recording',1),(1315,'Bose Music Amplifier',699.00,'Connected home audio amp',1),(1316,'Samsung Galaxy Z Fold 5',1799.00,'Foldable productivity phone',1),(1317,'TP-Link Deco XE75',299.00,'Mesh Wi-Fi 6E system',1),(1318,'Sennheiser HD 660S2',599.00,'Audiophile open-back cans',1),(1319,'Beats Studio Buds+',169.99,'Transparent wireless earbuds',1),(1320,'LG C3 65\" OLED',1699.00,'4K Smart Gaming TV',1),(1321,'Rode PSA1+ Boom Arm',129.00,'Professional studio mount',1),(1322,'Focusrite Solo G4',139.00,'USB audio interface',1),(1323,'Logitech C920s',69.99,'HD Pro Webcam with privacy',1),(1324,'Anker 735 Charger',59.99,'65W GaN 3-port wall plug',1),(1325,'Shure SE215',99.00,'Sound isolating earphones',1),(1326,'Microsoft Surface Pro 9',1099.00,'2-in-1 tablet laptop',1),(1327,'Garmin Forerunner 965',599.99,'Premium running GPS watch',1),(1328,'HyperX Cloud II',99.00,'Wired gaming headset 7.1',1),(1329,'Ring Video Doorbell Pro',249.00,'1080p HD smart doorbell',1),(1330,'Eufy Cam 3C',199.00,'4K solar security camera',1),(1331,'Apple Mac Studio M2',1999.00,'High performance desktop',1),(1332,'Oura Ring Gen3',299.00,'Sleep and health tracker',1),(1333,'Tile Pro 4-Pack',99.00,'Powerful Bluetooth trackers',1),(1334,'SteelSeries Apex Pro TKL',189.99,'Adjustable actuation keyboard',1),(1335,'Samsung 990 Pro 1TB',129.99,'NVMe SSD Gen4',1),(1336,'Dell XPS 13',1199.00,'Intel Evo laptop',1),(1337,'Razer Naga V2 Pro',179.99,'MMO wireless gaming mouse',1),(1338,'GoPro Volta Grip',129.00,'Battery grip and tripod',1),(1339,'SanDisk 2TB Extreme',169.00,'Portable rugged SSD',1),(1340,'Nvidia Shield TV Pro',199.00,'4K HDR streaming player',1),(1341,'Brother Laser Printer',199.00,'Compact monochrome wireless',1),(1342,'Glorious Model D',49.99,'Lightweight ergonomic mouse',1),(1343,'AOC 24\" 144Hz Monitor',159.00,'Curved frameless gaming',1),(1344,'Fitbit Sense 2',249.00,'Advanced health smartwatch',1),(1345,'Adidas Samba OG',100.00,'Classic soccer terrace shoe',2),(1346,'Patagonia Torrentshell',179.00,'3L waterproof rain jacket',2),(1347,'Nike Sportswear Tech',110.00,'Lightweight fleece joggers',2),(1348,'Levi 511 Slim Jeans',89.00,'Modern slim fit stretch',2),(1349,'Carhartt WIP Beanie',28.00,'Acrylic watch hat',2),(1350,'Uniqlo Oxford Shirt',39.90,'Classic slim fit button down',2),(1351,'The North Face McMurdo',400.00,'Heavy winter parka',2),(1352,'Ray-Ban Clubmaster',180.00,'Retro browline sunglasses',2),(1353,'Lululemon Pace Breaker',68.00,'Lined workout shorts',2),(1354,'Vans Slip-On Checker',60.00,'Iconic skate silhouette',2),(1355,'Ralph Lauren Polo Shirt',110.00,'Custom slim fit mesh',2),(1356,'Barbour Ashby Jacket',415.00,'Waxed cotton lifestyle coat',2),(1357,'New Balance 574',89.99,'Classic grey suede runner',2),(1358,'Champion Reverse Weave',65.00,'Heavyweight cotton hoodie',2),(1359,'Dickies 874 Work Pant',35.00,'Original fit twill pants',2),(1360,'Arc’teryx Atom LT',260.00,'Versatile insulated hoodie',2),(1361,'Common Projects Achilles',415.00,'Luxury minimalist sneakers',2),(1362,'Fjallraven Kanken',90.00,'Swedish classic backpack',2),(1363,'Birkenstock Boston',158.00,'Suede leather clogs',2),(1364,'Brooks Brothers Tie',95.00,'Silk rep stripe neckwear',2),(1365,'Lacoste Pique Polo',98.00,'Signature crocodile branding',2),(1366,'Timberland 6-Inch Boot',198.00,'Original waterproof nubuck',2),(1367,'Under Armour HeatGear',35.00,'Compression short sleeve',2),(1368,'Stone Island Sweatshirt',345.00,'Garment dyed compass patch',2),(1369,'H&M Slim Chinos',29.99,'Cotton twill trousers',2),(1370,'Zara Linen Blazer',129.00,'Relaxed summer tailoring',2),(1371,'Oakley Frogskins',140.00,'Classic 80s lifestyle shades',2),(1372,'Stussy Logo Tee',45.00,'Graffiti print cotton shirt',2),(1373,'Filson Mackinaw Cruiser',495.00,'Virgin wool work jacket',2),(1374,'Red Wing Iron Ranger',349.00,'Leather heritage work boot',2),(1375,'Everlane Day Glove',135.00,'Soft Italian leather flat',2),(1376,'Reformation Juliette',218.00,'Floral midi summer dress',2),(1377,'Dr. Martens 1461',130.00,'Smooth leather 3-eye shoe',2),(1378,'Patagonia Baggies',65.00,'Recycled nylon water shorts',2),(1379,'Supreme Box Logo Tee',299.00,'Collectible hype t-shirt',2),(1380,'Asics Gel-Kayano 30',160.00,'Stability running shoe',2),(1381,'Alpha Industries MA-1',190.00,'Flight bomber jacket',2),(1382,'AllSaints Biker Jacket',499.00,'Premium lambskin leather',2),(1383,'Tumi Alpha 3 Brief',625.00,'High-end business traveler',2),(1384,'Herschel Little America',110.00,'Mountaineering style pack',2),(1385,'Billabong Boardshorts',55.00,'Performance stretch swim',2),(1386,'Columbia PFG Shirt',45.00,'Fishing and outdoor button',2),(1387,'Stan Smith Sneakers',100.00,'Classic white tennis shoe',2),(1388,'Gap 1969 Denim',69.99,'Standard straight leg',2),(1389,'Theory Cashmere Crew',295.00,'Grade A luxury sweater',2),(1390,'Salomon XT-6',200.00,'Gorpcore trail sneaker',2),(1391,'G-Star Raw Tapered',160.00,'Industrial denim design',2),(1392,'Fred Perry Polo',110.00,'Twin tipped laurel wreath',2),(1393,'Aritzia Melina Pant',148.00,'Vegan leather trousers',2),(1394,'Nike Air Jordan 1',180.00,'High top basketball retro',2),(1395,'Breville Barista Pro',849.00,'Home espresso machine',3),(1396,'KitchenAid Artisan 5qt',449.00,'Stand mixer with tilt head',3),(1397,'Le Creuset Skillet',219.00,'Signature enameled cast iron',3),(1398,'Dyson V15 Detect',749.00,'Laser cordless vacuum',3),(1399,'Instant Pot Pro',169.00,'10-in-1 pressure cooker',3),(1400,'Philips Hue Starter',199.99,'Smart lighting color kit',3),(1401,'Nespresso Vertuo Pop',129.00,'Compact coffee pod machine',3),(1402,'Herman Miller Aeron',1600.00,'Top-tier ergonomic chair',3),(1403,'Ninja Woodfire Grill',369.00,'Outdoor smoker and fryer',3),(1404,'Zojirushi Rice Cooker',199.00,'Micom fuzzy logic tech',3),(1405,'Vitamix E310',349.00,'Explorian series blender',3),(1406,'Shark IQ Robot',499.00,'Self-emptying robot vacuum',3),(1407,'Eufy RoboVac 11S',229.00,'Slim powerful robot vac',3),(1408,'Yeti Rambler 30oz',42.00,'MagSlider insulated tumbler',3),(1409,'OXO Good Grips Set',112.99,'10-piece POP container set',3),(1410,'Casper Original Pillow',65.00,'Fiber and foam supportive',3),(1411,'Brooklinen Luxe Core',189.00,'Sateen cotton sheet set',3),(1412,'Hydro Flask 40oz',49.95,'Wide mouth with straw lid',3),(1413,'Simplehuman Step Can',150.00,'Rectangular kitchen trash',3),(1414,'Ring Floodlight Cam',199.99,'Wired outdoor security',3),(1415,'Honeywell Air Purifier',249.00,'HEPA filter for large rooms',3),(1416,'Blueair Blue Pure',139.99,'Quiet small room purifier',3),(1417,'Lodge 12\" Skillet',39.90,'Pre-seasoned cast iron',3),(1418,'Pyrex Glass Set',34.00,'18-piece storage with lids',3),(1419,'Staub Dutch Oven 5.5qt',399.00,'Round cocotte matte black',3),(1420,'T-fal Nonstick Set',99.00,'12-piece hard anodized',3),(1421,'Wusthof Classic 8\"',170.00,'Forged high-carbon steel',3),(1422,'Global G-2 Chef Knife',99.00,'Japanese lightweight steel',3),(1423,'Cuisinart Food Processor',199.00,'14-cup custom preparation',3),(1424,'Hamilton Beach Toaster',45.00,'2-slice extra wide slot',3),(1425,'SodaStream Terra',99.00,'Manual sparkling water maker',3),(1426,'Keurig K-Elite',189.00,'Single serve coffee brewer',3),(1427,'Bissell Little Green',123.00,'Portable carpet cleaner',3),(1428,'Black+Decker Dustbuster',59.00,'16V cordless hand vacuum',3),(1429,'Hario V60 Starter',25.00,'Pour over coffee kit',3),(1430,'AeroPress Go',39.95,'Travel coffee maker set',3),(1431,'Fellow Stagg EKG',165.00,'Electric gooseneck kettle',3),(1432,'Bodum French Press',24.00,'1 liter glass carafe',3),(1433,'Chemex 6-Cup',48.00,'Glass handle coffee maker',3),(1434,'Meater Plus',99.00,'Smart wireless meat thermometer',3),(1435,'Thermapen One',105.00,'Instant read digital probe',3),(1436,'Etekcity Food Scale',13.99,'Digital kitchen weight',3),(1437,'Rubbermaid FreshWorks',29.00,'Produce saver containers',3),(1438,'Stasher Silicone Bag',12.00,'Reusable food storage',3),(1439,'Caldrea Dish Soap',10.00,'Sea Salt Neroli liquid',3),(1440,'Mrs. Meyers Soy Candle',10.00,'Lavender scent 7.2oz',3),(1441,'Weber iGrill Mini',49.00,'Bluetooth meat thermometer',3),(1442,'Yeti Roadie 24',250.00,'Hard cooler for outdoors',3),(1443,'Igloo BMX 52',99.00,'Heavy duty ice chest',3),(1444,'Rumpl Puffy Blanket',125.00,'Outdoor insulated throw',3),(1445,'The Great Gatsby',15.00,'F. Scott Fitzgerald classic',4),(1446,'Atomic Habits',18.00,'James Clear productivity',4),(1447,'1984 George Orwell',12.99,'Dystopian fiction masterpiece',4),(1448,'Thinking, Fast and Slow',16.00,'Daniel Kahneman psychology',4),(1449,'Project Hail Mary',22.00,'Andy Weir sci-fi thriller',4),(1450,'The Alchemist',14.50,'Paulo Coelho fable',4),(1451,'Sapiens',19.99,'Yuval Noah Harari history',4),(1452,'The Silent Patient',16.00,'Alex Michaelides mystery',4),(1453,'Dune Frank Herbert',18.00,'Epic science fiction novel',4),(1454,'Where the Crawdads Sing',15.00,'Delia Owens fiction',4),(1455,'The Psychology of Money',17.00,'Morgan Housel finance',4),(1456,'Medallion Status',19.00,'John Hodgman essays',4),(1457,'Educated A Memoir',16.50,'Tara Westover story',4),(1458,'Greenlights',20.00,'Matthew McConaughey memoir',4),(1459,'The Midnight Library',15.00,'Matt Haig fiction',4),(1460,'Crying in H Mart',16.00,'Michelle Zauner memoir',4),(1461,'Circe Madeline Miller',14.99,'Greek mythology retelling',4),(1462,'The Body Keeps Score',19.00,'Bessel van der Kolk',4),(1463,'Killers of Flower Moon',17.00,'David Grann true crime',4),(1464,'Good to Great',24.00,'Jim Collins business leadership',4),(1465,'Zero to One',18.00,'Peter Thiel startups',4),(1466,'The Lean Startup',21.00,'Eric Ries entrepreneurship',4),(1467,'Shoe Dog',16.99,'Phil Knight Nike story',4),(1468,'Steve Jobs Biography',22.00,'Walter Isaacson',4),(1469,'The 4-Hour Workweek',21.95,'Tim Ferriss lifestyle',4),(1470,'Deep Work',18.00,'Cal Newport focus',4),(1471,'Extreme Ownership',24.00,'Jocko Willink leadership',4),(1472,'Man Search for Meaning',14.00,'Viktor Frankl classic',4),(1473,'The Obstacle is Way',17.00,'Ryan Holiday stoicism',4),(1474,'Ego is the Enemy',17.00,'Ryan Holiday philosophy',4),(1475,'Harry Potter Box Set',85.00,'Complete 7 book series',4),(1476,'Lord of the Rings',45.00,'J.R.R. Tolkien trilogy',4),(1477,'The Hobbit',13.99,'Classic fantasy adventure',4),(1478,'Blood Meridian',18.00,'Cormac McCarthy western',4),(1479,'The Road',16.00,'McCarthy post-apocalyptic',4),(1480,'No Country for Old Men',15.00,'Crime thriller novel',4),(1481,'Pride and Prejudice',10.00,'Jane Austen romance',4),(1482,'Moby Dick',12.00,'Herman Melville epic',4),(1483,'Ulysses James Joyce',18.00,'Modernist literature',4),(1484,'Infinite Jest',20.00,'David Foster Wallace',4),(1485,'The Catcher in the Rye',14.00,'J.D. Salinger classic',4),(1486,'Brave New World',15.00,'Aldous Huxley dystopian',4),(1487,'Fahrenheit 451',14.00,'Ray Bradbury classic',4),(1488,'Foundation Isaac Asimov',16.00,'Sci-fi history saga',4),(1489,'Hyperion Dan Simmons',17.00,'Space opera epic',4),(1490,'Neuromancer',15.00,'William Gibson cyberpunk',4),(1491,'Snow Crash',16.00,'Neal Stephenson metaverse',4),(1492,'The Art of War',9.00,'Sun Tzu strategy',4),(1493,'The Prince Machiavelli',8.00,'Political philosophy',4),(1494,'Meditations Marcus Aurelius',11.00,'Stoic reflections',4),(1495,'Wilson Evolution Ball',79.95,'Indoor official basketball',5),(1496,'Bowflex SelectTech 552',429.00,'Adjustable dumbbells pair',5),(1497,'Peloton Bike+',2495.00,'Home cycling with tablet',5),(1498,'Manduka PRO Yoga Mat',129.00,'High density 6mm cushion',5),(1499,'Garmin Fenix 7 Pro',799.00,'Multisport solar GPS watch',5),(1500,'Theragun Pro G5',599.00,'Percussive therapy device',5),(1501,'Concept2 RowErg',990.00,'Air resistance rower',5),(1502,'Hydro Flask 32oz',44.95,'Insulated water bottle',5),(1503,'Nike Metcon 9',150.00,'Cross training gym shoe',5),(1504,'Titleist Pro V1',54.00,'Premium golf ball dozen',5),(1505,'Callaway Rogue ST',549.00,'Performance golf driver',5),(1506,'Taylormade Stealth 2',599.00,'Carbon wood golf club',5),(1507,'Babolat Pure Aero',259.00,'Rafael Nadal tennis racket',5),(1508,'Wilson Roger Federer 21',45.00,'Junior tennis racket',5),(1509,'Everlast Elite Gloves',45.00,'Boxing and bag training',5),(1510,'Rawlings Pro Preferred',379.00,'Professional baseball glove',5),(1511,'Spalding Street Ball',24.99,'Outdoor durable basketball',5),(1512,'TRX All-in-One',199.00,'Suspension training system',5),(1513,'Rogue Echo Bike',895.00,'Fan bike for HIIT',5),(1514,'Iron Bull Strength Bar',25.00,'Olympic barbell pad',5),(1515,'Harbinger Weight Belt',35.00,'4-inch nylon core support',5),(1516,'Speedo Vanquisher 2.0',22.00,'Competition swim goggles',5),(1517,'Arena Powerskin ST',100.00,'Racing tech swimsuit',5),(1518,'Coleman 4-Person Tent',129.00,'Skydome camping shelter',5),(1519,'Black Diamond Headlamp',39.95,'350 lumens LED light',5),(1520,'Petzl Grigri Belay',109.95,'Climbing safety device',5),(1521,'Osprey Daylite Plus',75.00,'Everyday hiking backpack',5),(1522,'CamelBak Rogue Light',85.00,'70oz hydration pack',5),(1523,'Shimano PD-M520',55.00,'SPD mountain bike pedals',5),(1524,'Kryptonite New York Lock',120.00,'Heavy duty bike U-lock',5),(1525,'Giro Agilis Helmet',99.00,'Road cycling protection',5),(1526,'Burton Custom Snowboard',659.00,'All-mountain classic',5),(1527,'Smith Vantage MIPS',270.00,'Ski and snowboard helmet',5),(1528,'Oakley Flight Deck',210.00,'Frameless snow goggles',5),(1529,'Swix HF8 Wax',35.00,'High fluorocarbon ski wax',5),(1530,'Yoga Block Cork',20.00,'Sustainable support block',5),(1531,'Gaiam Balance Ball',24.99,'Stability office chair',5),(1532,'TriggerPoint Foam Roller',39.95,'Muscle recovery tool',5),(1533,'Hyperice Venom 2',249.00,'Heated back massage wrap',5),(1534,'Wahoo TICKR Heart Rate',49.99,'Bluetooth chest strap',5),(1535,'Specialized Allez',1200.00,'Entry level road bike',5),(1536,'Trek Marlin 5',599.00,'Cross country mountain bike',5),(1537,'Canyon Spectral 125',2899.00,'Trail riding mountain bike',5),(1538,'Rapha Core Jersey',85.00,'Essential cycling top',5),(1539,'Brooks Ghost 15',140.00,'Neutral running shoe',5),(1540,'Hoka Clifton 9',145.00,'Max cushion runner',5),(1541,'Saucony Endorphin Pro',225.00,'Carbon plate race shoe',5),(1542,'Nobull Trainer',129.00,'Durable gym shoe',5),(1543,'Under Armour Duffel',45.00,'Medium athletic bag',5),(1544,'Fitbit Charge 6',159.00,'Fitness tracker with GPS',5),(1545,'Dyson Airwrap',599.00,'Multi-styler for all hair',6),(1546,'Estée Lauder Serum',115.00,'Night repair complex',6),(1547,'Clinique Moisturizer',32.00,'Moisture Surge 100H',6),(1548,'The Ordinary AHA 30%',9.50,'Peeling solution mask',6),(1549,'Glossier Boy Brow',18.00,'Eyebrow grooming pomade',6),(1550,'Paula’s Choice BHA',34.00,'2% liquid exfoliant',6),(1551,'CeraVe Cleanser',15.99,'Hydrating facial wash',6),(1552,'Laneige Lip Mask',24.00,'Berry sleep treatment',6),(1553,'Olapplex No. 3',30.00,'Hair perfector treatment',6),(1554,'Shark HyperAIR',229.00,'Fast drying ionic blower',6),(1555,'NARS Radiant Concealer',32.00,'Creamy high coverage',6),(1556,'Fenty Beauty Foundation',39.00,'Soft matte longwear',6),(1557,'Charlotte Tilbury Magic',100.00,'Instant turnaround cream',6),(1558,'Tatcha Water Cream',70.00,'Oil-free moisturizer',6),(1559,'Summer Fridays Balm',24.00,'Lip butter treatment',6),(1560,'Glow Recipe Dew Drops',35.00,'Niacinamide serum',6),(1561,'Drunk Elephant Lala',62.00,'Retro whipped cream',6),(1562,'Sunday Riley Good Genes',85.00,'Lactic acid treatment',6),(1563,'Elemis Marine Cream',138.00,'Anti-wrinkle moisturizer',6),(1564,'SkinCeuticals CE Ferulic',182.00,'Vitamin C serum antioxidant',6),(1565,'Supergoop Unseen SPF',38.00,'Invisible daily sunscreen',6),(1566,'EltaMD UV Clear',41.00,'SPF 46 for acne-prone skin',6),(1567,'Kiehl’s Ultra Cream',38.00,'24-hour facial moisturizer',6),(1568,'Bioderma Micellar',16.00,'Sensibio H2O water',6),(1569,'La Mer Crème',190.00,'Luxury moisturizing cream',6),(1570,'Augustinus Bader Rich',290.00,'TFC8 stem cell science',6),(1571,'NuFace Trinity',395.00,'Microcurrent facial toner',6),(1572,'Foreo Luna 4',279.00,'Silicone face cleanser',6),(1573,'Anastasia Brow Wiz',23.00,'Ultra-slim brow pencil',6),(1574,'Benefit Hoola Bronzer',35.00,'Matte face bronzer',6),(1575,'Urban Decay Naked3',59.00,'Rose-hued eyeshadow set',6),(1576,'Too Faced Better Sex',29.00,'Volumizing black mascara',6),(1577,'Hourglass Veil Primer',58.00,'Mineral base sunscreen',6),(1578,'Laura Mercier Powder',43.00,'Translucent setting powder',6),(1579,'Stila Eyeliner',24.00,'Stay All Day waterproof',6),(1580,'Beautyblender Pink',20.00,'Original makeup sponge',6),(1581,'Oribe Gold Lust Oil',56.00,'Nourishing hair oil',6),(1582,'Living Proof Dry Shampoo',30.00,'Perfect Hair Day spray',6),(1583,'Briogeo Mask',39.00,'Deep conditioning treatment',6),(1584,'K18 Leave-In Mask',75.00,'Molecular repair hair',6),(1585,'Chanel No. 5',160.00,'Eau de Parfum 100ml',6),(1586,'Dior Sauvage',120.00,'Mens fragrance 60ml',6),(1587,'Le Labo Santal 33',220.00,'Woody cult fragrance',6),(1588,'Byredo Gypsy Water',200.00,'Bohemian aromatic scent',6),(1589,'Jo Malone Wood Sage',155.00,'Sea salt cologne spray',6),(1590,'Tom Ford Lost Cherry',395.00,'Sweet gourmand perfume',6),(1591,'Oral-B iO Series 9',299.00,'Electric smart toothbrush',6),(1592,'Braun Series 9 Pro',329.00,'Mens electric shaver',6),(1593,'Waterpik Aquarius',99.00,'Professional water flosser',6),(1594,'Mason Pearson Brush',240.00,'Handmade boar bristle',6),(1595,'LEGO Millennium Falcon',849.99,'Star Wars UCS 7541 pieces',7),(1596,'Barbie Dreamhouse',179.00,'Pool slide and elevator',7),(1597,'Nintendo Switch OLED',349.99,'Handheld gaming console',7),(1598,'Catan Board Game',44.00,'Classic strategy resource',7),(1599,'Ticket to Ride',48.00,'North American train game',7),(1600,'Nerf Elite 2.0',24.99,'Motorized blaster with darts',7),(1601,'Hot Wheels 50-Pack',54.99,'Assorted toy racing cars',7),(1602,'Squishmallows Plush',19.99,'Super soft 12-inch animal',7),(1603,'Tamagotchi Pix',59.99,'Virtual pet with camera',7),(1604,'Magic The Gathering',45.00,'Commander starter deck',7),(1605,'Pokemon Elite Box',49.99,'Trading card booster set',7),(1606,'GraviTrax Starter',69.99,'Marble run system kit',7),(1607,'Magnatiles 100-Piece',119.00,'Magnetic building blocks',7),(1608,'Snap Circuits Pro',99.00,'Electronics discovery kit',7),(1609,'Play-Doh Mega Pack',22.00,'36-pack of modeling clay',7),(1610,'Melissa & Doug Kitchen',150.00,'Wooden play kitchen set',7),(1611,'Fisher-Price Walker',39.00,'Sit-to-stand activity toy',7),(1612,'Tonies Starter Set',99.99,'Audio player for kids',7),(1613,'Yoto Player 3rd Gen',119.00,'Screen-free audio card',7),(1614,'American Girl Doll',115.00,'Historical character doll',7),(1615,'L.O.L. Surprise House',149.00,'Multi-story wooden dollhouse',7),(1616,'Funko Pop Batman',12.99,'Vinyl collectible figure',7),(1617,'Exploding Kittens',20.00,'Card game for families',7),(1618,'Cards Against Humanity',30.00,'Party game for horrible people',7),(1619,'Codenames Game',19.95,'Social word deduction',7),(1620,'Azul Board Game',39.99,'Tile placement strategy',7),(1621,'7 Wonders Game',59.99,'Ancient world civilization',7),(1622,'Pandemic Game',39.99,'Cooperative virus board game',7),(1623,'Scythe Board Game',90.00,'Engine building strategy',7),(1624,'Wingspan Board Game',60.00,'Bird collection strategy',7),(1625,'Step2 Water Table',89.99,'Outdoor splash play pond',7),(1626,'Radio Flyer Trike',79.00,'Classic red tricycle',7),(1627,'Micro Maxi Scooter',139.00,'Swiss engineered 3-wheel',7),(1628,'Razor A5 Lux',99.00,'Large wheel kick scooter',7),(1629,'DJI Tello Drone',99.00,'Educational mini drone',7),(1630,'Sphero BOLT',179.00,'App-enabled robotic ball',7),(1631,'Anki Cozmo Robot',179.99,'AI powered small robot',7),(1632,'Rubik’s Cube 3x3',9.99,'Original puzzle challenge',7),(1633,'Kanoodle 3D Puzzle',14.00,'Brain twisting solo game',7),(1634,'Uno Card Game',5.99,'Classic matching family game',7),(1635,'Jenga Classic',14.99,'Wood block stacking game',7),(1636,'Connect 4 Grid',9.99,'Line up four strategy',7),(1637,'Monopoly Classic',21.00,'Property trading board game',7),(1638,'Scrabble Crossword',19.99,'Letter word tile game',7),(1639,'Battleship Game',16.00,'Naval combat strategy',7),(1640,'Clue Mystery Game',10.00,'Whodunnit board game',7),(1641,'Operation Skill Game',19.00,'Steady hand medical game',7),(1642,'Trivial Pursuit',29.99,'Knowledge and trivia game',7),(1643,'Risk Strategy Game',32.00,'Global conquest mission',7),(1644,'Sorry! Board Game',12.00,'Classic slide and bump',7),(1645,'Michelin Pilot Sport',210.00,'High performance tire',8),(1646,'Castrol EDGE 5W-30',32.00,'Full synthetic motor oil',8),(1647,'NOCO Boost Plus',99.95,'Portable jump starter 1000A',8),(1648,'Garmin Dash Cam 67W',259.00,'1440p wide angle camera',8),(1649,'Chemical Guys Kit',99.00,'14-piece wash bucket set',8),(1650,'WeatherTech Mats',180.00,'Custom fit floor liners',8),(1651,'Thule Motion XT',999.00,'Roof cargo carrier large',8),(1652,'Yakima Bike Rack',549.00,'Hitch mounted carrier',8),(1653,'Bosch Icon Wiper',26.00,'Premium beam blade single',8),(1654,'Meguiar’s Gold Wax',14.99,'Liquid car wax 16oz',8),(1655,'Black+Decker Car Vac',45.00,'12V handheld suction',8),(1656,'Rain-X Treatment',8.00,'Glass water repellent',8),(1657,'K&N Engine Air Filter',55.00,'High flow washable filter',8),(1658,'OBD2 Scanner Ancel',35.00,'Car diagnostic code tool',8),(1659,'Armor All Wipes',6.50,'Cleaning and protectant',8),(1660,'Turtle Wax Scratch',14.00,'Paint repair system kit',8),(1661,'Sylvania H11 Bulbs',34.99,'SilverStar Ultra headlight',8),(1662,'Viair Air Compressor',89.00,'Portable tire inflator',8),(1663,'Fix-a-Flat Can',12.00,'Emergency tire repair',8),(1664,'Scosche Magnetic',24.99,'Dashboard phone mount',8),(1665,'Thinkware U3000',549.00,'4K front and rear dashcam',8),(1666,'Adam’s Polishes Kit',120.00,'Ceramic coating treatment',8),(1667,'Griot’s Speed Shine',18.00,'Quick detailer spray',8),(1668,'Invisible Glass',6.00,'Streak-free window cleaner',8),(1669,'SunJoe Power Washer',169.00,'Electric car wash sprayer',8),(1670,'Chemical Guys Foam',49.00,'Snow foam cannon attachment',8),(1671,'Kuat NV 2.0 Rack',849.00,'Premium hitch bike mount',8),(1672,'Covercraft Shield',85.00,'Custom fit UV sun shade',8),(1673,'Bissell Auto Spot',159.00,'Upholstery carpet cleaner',8),(1674,'Hulkman Jump Pack',169.00,'2000A battery starter',8),(1675,'BlueDriver OBDII',99.00,'Bluetooth smartphone scan',8),(1676,'Tekton Torque Wrench',45.00,'1/2-inch drive clicker',8),(1677,'Mechanix Gloves',25.00,'Work and repair protection',8),(1678,'Magnetic Hood Light',22.00,'Under-bonnet LED bar',8),(1679,'Mobil 1 Synthetic',35.00,'Advanced motor oil 5qt',8),(1680,'Fram Ultra Filter',14.00,'Synthetic engine oil filter',8),(1681,'NGK Iridium Spark',9.50,'High performance laser plug',8),(1682,'Sea Foam Treatment',10.00,'Fuel system internal cleaner',8),(1683,'Zerex Antifreeze',18.00,'G05 heavy duty coolant',8),(1684,'Peak BlueDef 2.5gal',16.00,'Diesel exhaust fluid',8),(1685,'Slime Tire Sealant',10.00,'Flat prevention liquid',8),(1686,'Digital Tire Gauge',15.00,'Backlit accurate reader',8),(1687,'Escort MAX 360c',699.00,'Radar and laser detector',8),(1688,'Cobra RAD 480i',149.00,'Connected radar detector',8),(1689,'Milwaukee Inflator',129.00,'M12 cordless tire pump',8),(1690,'Meguiar’s Clay Bar',29.00,'Smooth surface kit',8),(1691,'ThisWorx Vacuum',39.99,'High power portable vac',8),(1692,'Dometic CFX3 35',899.00,'Portable electric freezer',8),(1693,'Valvoline High Mile',28.00,'Synthetic blend for older cars',8),(1694,'K&N Cabin Filter',45.00,'Washable air conditioner filter',8),(1695,'Weber Spirit II E-310',569.00,'3-burner gas grill',9),(1696,'EGO Power+ Mower',599.00,'56V cordless electric',9),(1697,'Ryobi Leaf Blower',159.00,'40V battery jet fan',9),(1698,'Milwaukee Trimmer',229.00,'M18 fuel string edger',9),(1699,'DeWalt Chainsaw',249.00,'20V Max cordless 12-inch',9),(1700,'Fiskars Pruner',22.00,'Steel bypass hand shears',9),(1701,'Miracle-Gro Soil',12.00,'All purpose potting mix',9),(1702,'Ring Floodlight Cam',199.00,'Outdoor security lighting',9),(1703,'Husqvarna AutoMower',1299.00,'Robotic lawn maintenance',9),(1704,'Suncast Garden Shed',899.00,'Vertical storage resin cabinet',9),(1705,'Gardena Hose Reel',145.00,'Retractable wall mount',9),(1706,'Ooni Koda 16 Oven',799.00,'Gas powered pizza oven',9),(1707,'Traeger Pro 575',899.00,'Wifi pellet wood grill',9),(1708,'Kamado Joe Classic',1299.00,'Ceramic charcoal cooker',9),(1709,'Solo Stove Bonfire',299.00,'Smokeless stainless fire pit',9),(1710,'Greenworks Pressure',249.00,'2300 PSI electric washer',9),(1711,'Rachio 3 Smart Hub',199.00,'8-zone sprinkler controller',9),(1712,'Orbit Hose Timer',69.00,'Wifi faucet watering hub',9),(1713,'AeroGarden Bounty',429.00,'Indoor hydroponic garden',9),(1714,'Bird Buddy Camera',299.00,'Smart AI bird feeder',9),(1715,'Fiskars X27 Axe',65.00,'36-inch wood splitting axe',9),(1716,'Felco 2 Pruners',64.00,'Swiss made bypass shears',9),(1717,'Gorilla Cart GOR4',129.00,'Heavy duty steel wagon',9),(1718,'Jackery SolarSaga',299.00,'100W foldable solar panel',9),(1719,'EcoFlow Delta 2',999.00,'1kWh portable power bank',9),(1720,'Vego Raised Bed',189.00,'Modular metal garden box',9),(1721,'Keter Deck Box',140.00,'Resin outdoor storage chest',9),(1722,'Scotts Turf Builder',24.00,'Lawn food and fertilizer',9),(1723,'Milorganite 32lb',22.00,'Organic nitrogen fertilizer',9),(1724,'Worx Landroid S',999.00,'Robotic mower for small yards',9),(1725,'Hammock with Stand',115.00,'Double cotton with steel frame',9),(1726,'Patio Umbrella 10ft',85.00,'Offset cantilever parasol',9),(1727,'Rain Barrel 50gal',120.00,'Water collection storage',9),(1728,'Thermacell E55',39.00,'Rechargeable mosquito repeller',9),(1729,'Dynatrap Mosquito',149.00,'Outdoor flying insect trap',9),(1730,'Tiki Brand Torch',35.00,'Adjustable flame garden light',9),(1731,'Blink Outdoor 4',119.00,'Wireless security camera',9),(1732,'Arlo Floodlight',249.00,'Wire-free 2K outdoor cam',9),(1733,'Ames Garden Cart',110.00,'Rolling 4-wheel poly cart',9),(1734,'Hampton Bay Patio',599.00,'5-piece dining furniture set',9),(1735,'Dramm ColorStorm',65.00,'Heavy duty rubber water hose',9),(1736,'Gilmour Spray Wand',22.00,'Multi-pattern watering nozzle',9),(1737,'Scotts Spreader',129.00,'Large capacity broadcast',9),(1738,'Bee House Bamboo',18.00,'Nesting for pollinators',9),(1739,'Vegepod Medium',229.00,'Self-watering raised bed',9),(1740,'Click and Grow Smart',99.00,'Indoor herb garden kit',9),(1741,'Makita Cordless Saw',329.00,'Brushless chain saw 14-inch',9),(1742,'Corona Folding Saw',25.00,'10-inch razor tooth blade',9),(1743,'Nisaku Hori Hori',28.00,'Japanese digging knife',9),(1744,'Bully Tools Shovel',45.00,'Round point digging spade',9),(1745,'Oura Ring Gen3',299.00,'Smart health tracking ring',10),(1746,'Theragun Pro G5',599.00,'Percussion massage therapy',10),(1747,'Withings Smart Scale',99.00,'Body composition WiFi scale',10),(1748,'Omron Blood Pressure',75.00,'Upper arm digital monitor',10),(1749,'Athletic Greens AG1',99.00,'Daily green nutrition powder',10),(1750,'Vital Proteins Collagen',25.00,'Unflavored bovine peptides',10),(1751,'Optimum Nutrition Whey',75.00,'5lb gold standard protein',10),(1752,'Liquid I.V. 30-Pack',39.00,'Hydration multiplier packets',10),(1753,'Hatch Restore 2',199.00,'Sunrise alarm sound machine',10),(1754,'weighted Blanket 15lb',65.00,'Calming glass bead filling',10),(1755,'Vicks Humidifier',44.00,'Filter-free cool mist unit',10),(1756,'Philips Wake-up Light',99.00,'Simulation sunrise clock',10),(1757,'Waterpik Cordless',89.99,'Advanced water flosser',10),(1758,'Quip Electric Brush',25.00,'Starter sonic toothbrush',10),(1759,'Lumineux Whitening',45.00,'Non-toxic teeth strips',10),(1760,'Colgate LED Kit',150.00,'Teeth whitening light kit',10),(1761,'NeilMed Sinus Rinse',15.00,'Saline irrigation bottle kit',10),(1762,'Navage SaltPod 30pk',14.00,'Nasal irrigation refills',10),(1763,'Emergen-C Vitamin C',15.00,'30 count immune support',10),(1764,'Garden of Life Probiotic',35.00,'Shelf stable digestive health',10),(1765,'Nordic Naturals Omega',32.00,'Ultimate fish oil 180ct',10),(1766,'Thorne Multivitamin',45.00,'Elite performance nutrients',10),(1767,'SmartyPants Gummy',22.00,'Adult multi with Omega 3',10),(1768,'Vega Sport Protein',48.00,'Plant based vanilla 2lb',10),(1769,'Quest Protein Bar',28.00,'12-pack cookies and cream',10),(1770,'RXBAR 12-Pack',24.00,'Whole food protein bars',10),(1771,'Honey Stinger Waffle',22.00,'Organic sports snack pack',10),(1772,'Gu Energy Gel 24pk',36.00,'Assorted marathon fuel',10),(1773,'Nuun Sport Tablets',25.00,'4-pack electrolyte drink',10),(1774,'Excedrin Migraine',15.00,'Pain reliever 200ct caplets',10),(1775,'Biofreeze Gel',12.00,'Cold therapy topical relief',10),(1776,'Tiger Balm Ultra',9.00,'Extra strength muscle rub',10),(1777,'Mederma Scar Gel',24.00,'Advanced skin treatment',10),(1778,'First Aid Kit Pro',45.00,'Medical grade emergency bag',10),(1779,'Vicks DayQuil Severe',18.00,'Cold and flu multi-symptom',10),(1780,'Mucinex DM Max',22.00,'12 hour cough expectorant',10),(1781,'Flonase Nasal Spray',26.00,'Allergy relief 144 sprays',10),(1782,'Claritin 24hr Allergy',35.00,'Non-drowsy 70ct tablets',10),(1783,'Band-Aid Fabric 100ct',8.00,'Flexible wound protection',10),(1784,'Purell Hand Sanitizer',14.00,'Liter bottle with pump',10),(1785,'Bengay Ultra Relief',8.00,'Pain relieving cream 4oz',10),(1786,'Burt’s Bees Lip Balm',10.00,'4-pack peppermint original',10),(1787,'Centrum Multivitamin',12.00,'Adult 100 count bottle',10),(1788,'ZzzQuil Pure Zzzs',16.00,'Melatonin sleep aid gummy',10),(1789,'Olly Stress Relief',14.00,'GABA and L-Theanine gummy',10),(1790,'Bach Rescue Remedy',15.00,'Natural flower stress drops',10),(1791,'Advil 200mg 200ct',14.00,'Ibuprofen pain reliever',10),(1792,'Tylenol 500mg 100ct',12.00,'Extra strength paracetamol',10),(1793,'Blue Light Glasses',25.00,'Anti eye strain digital wear',10),(1794,'Whoop 4.0 Tracker',30.00,'Monthly fitness subscription',10),(1795,'Logitech MX Master 3S',99.00,'Ergonomic wireless office mouse',1),(1796,'Keychron K2 Wireless',79.99,'Mechanical keyboard 75% layout',1),(1797,'Sony WH-1000XM5',399.99,'Industry leading noise canceling',1),(1798,'Samsung Odyssey G9',1299.00,'49-inch curved gaming monitor',1),(1799,'Apple Watch Series 9',399.00,'S9 chip fitness smartwatch',1),(1800,'Sony A7R V',3899.00,'High resolution mirrorless camera',1),(1801,'DJI Mini 4 Pro',759.00,'Ultralight folding drone',1),(1802,'Razer Blade 16',2999.99,'Gaming laptop with RTX 4080',1),(1803,'Google Pixel 8 Pro',999.00,'AI powered Android smartphone',1),(1804,'Sonos Era 300',449.00,'Spatial audio smart speaker',1),(1805,'Elgato Wave:3',149.99,'USB condenser microphone',1),(1806,'Western Digital 12TB',249.00,'Desktop external hard drive',1),(1807,'Corsair Vengeance 32GB',115.00,'DDR5 RAM 6000MHz',1),(1808,'Asus ROG Ally',699.00,'Handheld Windows gaming PC',1),(1809,'Kindle Scribe',339.99,'E-reader and digital notebook',1),(1810,'Meta Quest 3',499.00,'Mixed reality VR headset',1),(1811,'Nikon Z8',3699.00,'Pro full-frame mirrorless',1),(1812,'Philips Hue Sync Box',249.99,'HDMI light sync controller',1),(1813,'Belkin 3-in-1 Charger',149.00,'MagSafe wireless station',1),(1814,'Blueberry Mic Blackout',99.00,'Professional USB recording',1),(1815,'Bose Music Amplifier',699.00,'Connected home audio amp',1),(1816,'Samsung Galaxy Z Fold 5',1799.00,'Foldable productivity phone',1),(1817,'TP-Link Deco XE75',299.00,'Mesh Wi-Fi 6E system',1),(1818,'Sennheiser HD 660S2',599.00,'Audiophile open-back cans',1),(1819,'Beats Studio Buds+',169.99,'Transparent wireless earbuds',1),(1820,'LG C3 65\" OLED',1699.00,'4K Smart Gaming TV',1),(1821,'Rode PSA1+ Boom Arm',129.00,'Professional studio mount',1),(1822,'Focusrite Solo G4',139.00,'USB audio interface',1),(1823,'Logitech C920s',69.99,'HD Pro Webcam with privacy',1),(1824,'Anker 735 Charger',59.99,'65W GaN 3-port wall plug',1),(1825,'Shure SE215',99.00,'Sound isolating earphones',1),(1826,'Microsoft Surface Pro 9',1099.00,'2-in-1 tablet laptop',1),(1827,'Garmin Forerunner 965',599.99,'Premium running GPS watch',1),(1828,'HyperX Cloud II',99.00,'Wired gaming headset 7.1',1),(1829,'Ring Video Doorbell Pro',249.00,'1080p HD smart doorbell',1),(1830,'Eufy Cam 3C',199.00,'4K solar security camera',1),(1831,'Apple Mac Studio M2',1999.00,'High performance desktop',1),(1832,'Oura Ring Gen3',299.00,'Sleep and health tracker',1),(1833,'Tile Pro 4-Pack',99.00,'Powerful Bluetooth trackers',1),(1834,'SteelSeries Apex Pro TKL',189.99,'Adjustable actuation keyboard',1),(1835,'Samsung 990 Pro 1TB',129.99,'NVMe SSD Gen4',1),(1836,'Dell XPS 13',1199.00,'Intel Evo laptop',1),(1837,'Razer Naga V2 Pro',179.99,'MMO wireless gaming mouse',1),(1838,'GoPro Volta Grip',129.00,'Battery grip and tripod',1),(1839,'SanDisk 2TB Extreme',169.00,'Portable rugged SSD',1),(1840,'Nvidia Shield TV Pro',199.00,'4K HDR streaming player',1),(1841,'Brother Laser Printer',199.00,'Compact monochrome wireless',1),(1842,'Glorious Model D',49.99,'Lightweight ergonomic mouse',1),(1843,'AOC 24\" 144Hz Monitor',159.00,'Curved frameless gaming',1),(1844,'Fitbit Sense 2',249.00,'Advanced health smartwatch',1),(1845,'Adidas Samba OG',100.00,'Classic soccer terrace shoe',2),(1846,'Patagonia Torrentshell',179.00,'3L waterproof rain jacket',2),(1847,'Nike Sportswear Tech',110.00,'Lightweight fleece joggers',2),(1848,'Levi 511 Slim Jeans',89.00,'Modern slim fit stretch',2),(1849,'Carhartt WIP Beanie',28.00,'Acrylic watch hat',2),(1850,'Uniqlo Oxford Shirt',39.90,'Classic slim fit button down',2),(1851,'The North Face McMurdo',400.00,'Heavy winter parka',2),(1852,'Ray-Ban Clubmaster',180.00,'Retro browline sunglasses',2),(1853,'Lululemon Pace Breaker',68.00,'Lined workout shorts',2),(1854,'Vans Slip-On Checker',60.00,'Iconic skate silhouette',2),(1855,'Ralph Lauren Polo Shirt',110.00,'Custom slim fit mesh',2),(1856,'Barbour Ashby Jacket',415.00,'Waxed cotton lifestyle coat',2),(1857,'New Balance 574',89.99,'Classic grey suede runner',2),(1858,'Champion Reverse Weave',65.00,'Heavyweight cotton hoodie',2),(1859,'Dickies 874 Work Pant',35.00,'Original fit twill pants',2),(1860,'Arc’teryx Atom LT',260.00,'Versatile insulated hoodie',2),(1861,'Common Projects Achilles',415.00,'Luxury minimalist sneakers',2),(1862,'Fjallraven Kanken',90.00,'Swedish classic backpack',2),(1863,'Birkenstock Boston',158.00,'Suede leather clogs',2),(1864,'Brooks Brothers Tie',95.00,'Silk rep stripe neckwear',2),(1865,'Lacoste Pique Polo',98.00,'Signature crocodile branding',2),(1866,'Timberland 6-Inch Boot',198.00,'Original waterproof nubuck',2),(1867,'Under Armour HeatGear',35.00,'Compression short sleeve',2),(1868,'Stone Island Sweatshirt',345.00,'Garment dyed compass patch',2),(1869,'H&M Slim Chinos',29.99,'Cotton twill trousers',2),(1870,'Zara Linen Blazer',129.00,'Relaxed summer tailoring',2),(1871,'Oakley Frogskins',140.00,'Classic 80s lifestyle shades',2),(1872,'Stussy Logo Tee',45.00,'Graffiti print cotton shirt',2),(1873,'Filson Mackinaw Cruiser',495.00,'Virgin wool work jacket',2),(1874,'Red Wing Iron Ranger',349.00,'Leather heritage work boot',2),(1875,'Everlane Day Glove',135.00,'Soft Italian leather flat',2),(1876,'Reformation Juliette',218.00,'Floral midi summer dress',2),(1877,'Dr. Martens 1461',130.00,'Smooth leather 3-eye shoe',2),(1878,'Patagonia Baggies',65.00,'Recycled nylon water shorts',2),(1879,'Supreme Box Logo Tee',299.00,'Collectible hype t-shirt',2),(1880,'Asics Gel-Kayano 30',160.00,'Stability running shoe',2),(1881,'Alpha Industries MA-1',190.00,'Flight bomber jacket',2),(1882,'AllSaints Biker Jacket',499.00,'Premium lambskin leather',2),(1883,'Tumi Alpha 3 Brief',625.00,'High-end business traveler',2),(1884,'Herschel Little America',110.00,'Mountaineering style pack',2),(1885,'Billabong Boardshorts',55.00,'Performance stretch swim',2),(1886,'Columbia PFG Shirt',45.00,'Fishing and outdoor button',2),(1887,'Stan Smith Sneakers',100.00,'Classic white tennis shoe',2),(1888,'Gap 1969 Denim',69.99,'Standard straight leg',2),(1889,'Theory Cashmere Crew',295.00,'Grade A luxury sweater',2),(1890,'Salomon XT-6',200.00,'Gorpcore trail sneaker',2),(1891,'G-Star Raw Tapered',160.00,'Industrial denim design',2),(1892,'Fred Perry Polo',110.00,'Twin tipped laurel wreath',2),(1893,'Aritzia Melina Pant',148.00,'Vegan leather trousers',2),(1894,'Nike Air Jordan 1',180.00,'High top basketball retro',2),(1895,'Breville Barista Pro',849.00,'Home espresso machine',3),(1896,'KitchenAid Artisan 5qt',449.00,'Stand mixer with tilt head',3),(1897,'Le Creuset Skillet',219.00,'Signature enameled cast iron',3),(1898,'Dyson V15 Detect',749.00,'Laser cordless vacuum',3),(1899,'Instant Pot Pro',169.00,'10-in-1 pressure cooker',3),(1900,'Philips Hue Starter',199.99,'Smart lighting color kit',3),(1901,'Nespresso Vertuo Pop',129.00,'Compact coffee pod machine',3),(1902,'Herman Miller Aeron',1600.00,'Top-tier ergonomic chair',3),(1903,'Ninja Woodfire Grill',369.00,'Outdoor smoker and fryer',3),(1904,'Zojirushi Rice Cooker',199.00,'Micom fuzzy logic tech',3),(1905,'Vitamix E310',349.00,'Explorian series blender',3),(1906,'Shark IQ Robot',499.00,'Self-emptying robot vacuum',3),(1907,'Eufy RoboVac 11S',229.00,'Slim powerful robot vac',3),(1908,'Yeti Rambler 30oz',42.00,'MagSlider insulated tumbler',3),(1909,'OXO Good Grips Set',112.99,'10-piece POP container set',3),(1910,'Casper Original Pillow',65.00,'Fiber and foam supportive',3),(1911,'Brooklinen Luxe Core',189.00,'Sateen cotton sheet set',3),(1912,'Hydro Flask 40oz',49.95,'Wide mouth with straw lid',3),(1913,'Simplehuman Step Can',150.00,'Rectangular kitchen trash',3),(1914,'Ring Floodlight Cam',199.99,'Wired outdoor security',3),(1915,'Honeywell Air Purifier',249.00,'HEPA filter for large rooms',3),(1916,'Blueair Blue Pure',139.99,'Quiet small room purifier',3),(1917,'Lodge 12\" Skillet',39.90,'Pre-seasoned cast iron',3),(1918,'Pyrex Glass Set',34.00,'18-piece storage with lids',3),(1919,'Staub Dutch Oven 5.5qt',399.00,'Round cocotte matte black',3),(1920,'T-fal Nonstick Set',99.00,'12-piece hard anodized',3),(1921,'Wusthof Classic 8\"',170.00,'Forged high-carbon steel',3),(1922,'Global G-2 Chef Knife',99.00,'Japanese lightweight steel',3),(1923,'Cuisinart Food Processor',199.00,'14-cup custom preparation',3),(1924,'Hamilton Beach Toaster',45.00,'2-slice extra wide slot',3),(1925,'SodaStream Terra',99.00,'Manual sparkling water maker',3),(1926,'Keurig K-Elite',189.00,'Single serve coffee brewer',3),(1927,'Bissell Little Green',123.00,'Portable carpet cleaner',3),(1928,'Black+Decker Dustbuster',59.00,'16V cordless hand vacuum',3),(1929,'Hario V60 Starter',25.00,'Pour over coffee kit',3),(1930,'AeroPress Go',39.95,'Travel coffee maker set',3),(1931,'Fellow Stagg EKG',165.00,'Electric gooseneck kettle',3),(1932,'Bodum French Press',24.00,'1 liter glass carafe',3),(1933,'Chemex 6-Cup',48.00,'Glass handle coffee maker',3),(1934,'Meater Plus',99.00,'Smart wireless meat thermometer',3),(1935,'Thermapen One',105.00,'Instant read digital probe',3),(1936,'Etekcity Food Scale',13.99,'Digital kitchen weight',3),(1937,'Rubbermaid FreshWorks',29.00,'Produce saver containers',3),(1938,'Stasher Silicone Bag',12.00,'Reusable food storage',3),(1939,'Caldrea Dish Soap',10.00,'Sea Salt Neroli liquid',3),(1940,'Mrs. Meyers Soy Candle',10.00,'Lavender scent 7.2oz',3),(1941,'Weber iGrill Mini',49.00,'Bluetooth meat thermometer',3),(1942,'Yeti Roadie 24',250.00,'Hard cooler for outdoors',3),(1943,'Igloo BMX 52',99.00,'Heavy duty ice chest',3),(1944,'Rumpl Puffy Blanket',125.00,'Outdoor insulated throw',3),(1945,'The Great Gatsby',15.00,'F. Scott Fitzgerald classic',4),(1946,'Atomic Habits',18.00,'James Clear productivity',4),(1947,'1984 George Orwell',12.99,'Dystopian fiction masterpiece',4),(1948,'Thinking, Fast and Slow',16.00,'Daniel Kahneman psychology',4),(1949,'Project Hail Mary',22.00,'Andy Weir sci-fi thriller',4),(1950,'The Alchemist',14.50,'Paulo Coelho fable',4),(1951,'Sapiens',19.99,'Yuval Noah Harari history',4),(1952,'The Silent Patient',16.00,'Alex Michaelides mystery',4),(1953,'Dune Frank Herbert',18.00,'Epic science fiction novel',4),(1954,'Where the Crawdads Sing',15.00,'Delia Owens fiction',4),(1955,'The Psychology of Money',17.00,'Morgan Housel finance',4),(1956,'Medallion Status',19.00,'John Hodgman essays',4),(1957,'Educated A Memoir',16.50,'Tara Westover story',4),(1958,'Greenlights',20.00,'Matthew McConaughey memoir',4),(1959,'The Midnight Library',15.00,'Matt Haig fiction',4),(1960,'Crying in H Mart',16.00,'Michelle Zauner memoir',4),(1961,'Circe Madeline Miller',14.99,'Greek mythology retelling',4),(1962,'The Body Keeps Score',19.00,'Bessel van der Kolk',4),(1963,'Killers of Flower Moon',17.00,'David Grann true crime',4),(1964,'Good to Great',24.00,'Jim Collins business leadership',4),(1965,'Zero to One',18.00,'Peter Thiel startups',4),(1966,'The Lean Startup',21.00,'Eric Ries entrepreneurship',4),(1967,'Shoe Dog',16.99,'Phil Knight Nike story',4),(1968,'Steve Jobs Biography',22.00,'Walter Isaacson',4),(1969,'The 4-Hour Workweek',21.95,'Tim Ferriss lifestyle',4),(1970,'Deep Work',18.00,'Cal Newport focus',4),(1971,'Extreme Ownership',24.00,'Jocko Willink leadership',4),(1972,'Man Search for Meaning',14.00,'Viktor Frankl classic',4),(1973,'The Obstacle is Way',17.00,'Ryan Holiday stoicism',4),(1974,'Ego is the Enemy',17.00,'Ryan Holiday philosophy',4),(1975,'Harry Potter Box Set',85.00,'Complete 7 book series',4),(1976,'Lord of the Rings',45.00,'J.R.R. Tolkien trilogy',4),(1977,'The Hobbit',13.99,'Classic fantasy adventure',4),(1978,'Blood Meridian',18.00,'Cormac McCarthy western',4),(1979,'The Road',16.00,'McCarthy post-apocalyptic',4),(1980,'No Country for Old Men',15.00,'Crime thriller novel',4),(1981,'Pride and Prejudice',10.00,'Jane Austen romance',4),(1982,'Moby Dick',12.00,'Herman Melville epic',4),(1983,'Ulysses James Joyce',18.00,'Modernist literature',4),(1984,'Infinite Jest',20.00,'David Foster Wallace',4),(1985,'The Catcher in the Rye',14.00,'J.D. Salinger classic',4),(1986,'Brave New World',15.00,'Aldous Huxley dystopian',4),(1987,'Fahrenheit 451',14.00,'Ray Bradbury classic',4),(1988,'Foundation Isaac Asimov',16.00,'Sci-fi history saga',4),(1989,'Hyperion Dan Simmons',17.00,'Space opera epic',4),(1990,'Neuromancer',15.00,'William Gibson cyberpunk',4),(1991,'Snow Crash',16.00,'Neal Stephenson metaverse',4),(1992,'The Art of War',9.00,'Sun Tzu strategy',4),(1993,'The Prince Machiavelli',8.00,'Political philosophy',4),(1994,'Meditations Marcus Aurelius',11.00,'Stoic reflections',4),(1995,'Wilson Evolution Ball',79.95,'Indoor official basketball',5),(1996,'Bowflex SelectTech 552',429.00,'Adjustable dumbbells pair',5),(1997,'Peloton Bike+',2495.00,'Home cycling with tablet',5),(1998,'Manduka PRO Yoga Mat',129.00,'High density 6mm cushion',5),(1999,'Garmin Fenix 7 Pro',799.00,'Multisport solar GPS watch',5),(2000,'Theragun Pro G5',599.00,'Percussive therapy device',5),(2001,'Concept2 RowErg',990.00,'Air resistance rower',5),(2002,'Hydro Flask 32oz',44.95,'Insulated water bottle',5),(2003,'Nike Metcon 9',150.00,'Cross training gym shoe',5),(2004,'Titleist Pro V1',54.00,'Premium golf ball dozen',5),(2005,'Callaway Rogue ST',549.00,'Performance golf driver',5),(2006,'Taylormade Stealth 2',599.00,'Carbon wood golf club',5),(2007,'Babolat Pure Aero',259.00,'Rafael Nadal tennis racket',5),(2008,'Wilson Roger Federer 21',45.00,'Junior tennis racket',5),(2009,'Everlast Elite Gloves',45.00,'Boxing and bag training',5),(2010,'Rawlings Pro Preferred',379.00,'Professional baseball glove',5),(2011,'Spalding Street Ball',24.99,'Outdoor durable basketball',5),(2012,'TRX All-in-One',199.00,'Suspension training system',5),(2013,'Rogue Echo Bike',895.00,'Fan bike for HIIT',5),(2014,'Iron Bull Strength Bar',25.00,'Olympic barbell pad',5),(2015,'Harbinger Weight Belt',35.00,'4-inch nylon core support',5),(2016,'Speedo Vanquisher 2.0',22.00,'Competition swim goggles',5),(2017,'Arena Powerskin ST',100.00,'Racing tech swimsuit',5),(2018,'Coleman 4-Person Tent',129.00,'Skydome camping shelter',5),(2019,'Black Diamond Headlamp',39.95,'350 lumens LED light',5),(2020,'Petzl Grigri Belay',109.95,'Climbing safety device',5),(2021,'Osprey Daylite Plus',75.00,'Everyday hiking backpack',5),(2022,'CamelBak Rogue Light',85.00,'70oz hydration pack',5),(2023,'Shimano PD-M520',55.00,'SPD mountain bike pedals',5),(2024,'Kryptonite New York Lock',120.00,'Heavy duty bike U-lock',5),(2025,'Giro Agilis Helmet',99.00,'Road cycling protection',5),(2026,'Burton Custom Snowboard',659.00,'All-mountain classic',5),(2027,'Smith Vantage MIPS',270.00,'Ski and snowboard helmet',5),(2028,'Oakley Flight Deck',210.00,'Frameless snow goggles',5),(2029,'Swix HF8 Wax',35.00,'High fluorocarbon ski wax',5),(2030,'Yoga Block Cork',20.00,'Sustainable support block',5),(2031,'Gaiam Balance Ball',24.99,'Stability office chair',5),(2032,'TriggerPoint Foam Roller',39.95,'Muscle recovery tool',5),(2033,'Hyperice Venom 2',249.00,'Heated back massage wrap',5),(2034,'Wahoo TICKR Heart Rate',49.99,'Bluetooth chest strap',5),(2035,'Specialized Allez',1200.00,'Entry level road bike',5),(2036,'Trek Marlin 5',599.00,'Cross country mountain bike',5),(2037,'Canyon Spectral 125',2899.00,'Trail riding mountain bike',5),(2038,'Rapha Core Jersey',85.00,'Essential cycling top',5),(2039,'Brooks Ghost 15',140.00,'Neutral running shoe',5),(2040,'Hoka Clifton 9',145.00,'Max cushion runner',5),(2041,'Saucony Endorphin Pro',225.00,'Carbon plate race shoe',5),(2042,'Nobull Trainer',129.00,'Durable gym shoe',5),(2043,'Under Armour Duffel',45.00,'Medium athletic bag',5),(2044,'Fitbit Charge 6',159.00,'Fitness tracker with GPS',5),(2045,'Dyson Airwrap',599.00,'Multi-styler for all hair',6),(2046,'Estée Lauder Serum',115.00,'Night repair complex',6),(2047,'Clinique Moisturizer',32.00,'Moisture Surge 100H',6),(2048,'The Ordinary AHA 30%',9.50,'Peeling solution mask',6),(2049,'Glossier Boy Brow',18.00,'Eyebrow grooming pomade',6),(2050,'Paula’s Choice BHA',34.00,'2% liquid exfoliant',6),(2051,'CeraVe Cleanser',15.99,'Hydrating facial wash',6),(2052,'Laneige Lip Mask',24.00,'Berry sleep treatment',6),(2053,'Olapplex No. 3',30.00,'Hair perfector treatment',6),(2054,'Shark HyperAIR',229.00,'Fast drying ionic blower',6),(2055,'NARS Radiant Concealer',32.00,'Creamy high coverage',6),(2056,'Fenty Beauty Foundation',39.00,'Soft matte longwear',6),(2057,'Charlotte Tilbury Magic',100.00,'Instant turnaround cream',6),(2058,'Tatcha Water Cream',70.00,'Oil-free moisturizer',6),(2059,'Summer Fridays Balm',24.00,'Lip butter treatment',6),(2060,'Glow Recipe Dew Drops',35.00,'Niacinamide serum',6),(2061,'Drunk Elephant Lala',62.00,'Retro whipped cream',6),(2062,'Sunday Riley Good Genes',85.00,'Lactic acid treatment',6),(2063,'Elemis Marine Cream',138.00,'Anti-wrinkle moisturizer',6),(2064,'SkinCeuticals CE Ferulic',182.00,'Vitamin C serum antioxidant',6),(2065,'Supergoop Unseen SPF',38.00,'Invisible daily sunscreen',6),(2066,'EltaMD UV Clear',41.00,'SPF 46 for acne-prone skin',6),(2067,'Kiehl’s Ultra Cream',38.00,'24-hour facial moisturizer',6),(2068,'Bioderma Micellar',16.00,'Sensibio H2O water',6),(2069,'La Mer Crème',190.00,'Luxury moisturizing cream',6),(2070,'Augustinus Bader Rich',290.00,'TFC8 stem cell science',6),(2071,'NuFace Trinity',395.00,'Microcurrent facial toner',6),(2072,'Foreo Luna 4',279.00,'Silicone face cleanser',6),(2073,'Anastasia Brow Wiz',23.00,'Ultra-slim brow pencil',6),(2074,'Benefit Hoola Bronzer',35.00,'Matte face bronzer',6),(2075,'Urban Decay Naked3',59.00,'Rose-hued eyeshadow set',6),(2076,'Too Faced Better Sex',29.00,'Volumizing black mascara',6),(2077,'Hourglass Veil Primer',58.00,'Mineral base sunscreen',6),(2078,'Laura Mercier Powder',43.00,'Translucent setting powder',6),(2079,'Stila Eyeliner',24.00,'Stay All Day waterproof',6),(2080,'Beautyblender Pink',20.00,'Original makeup sponge',6),(2081,'Oribe Gold Lust Oil',56.00,'Nourishing hair oil',6),(2082,'Living Proof Dry Shampoo',30.00,'Perfect Hair Day spray',6),(2083,'Briogeo Mask',39.00,'Deep conditioning treatment',6),(2084,'K18 Leave-In Mask',75.00,'Molecular repair hair',6),(2085,'Chanel No. 5',160.00,'Eau de Parfum 100ml',6),(2086,'Dior Sauvage',120.00,'Mens fragrance 60ml',6),(2087,'Le Labo Santal 33',220.00,'Woody cult fragrance',6),(2088,'Byredo Gypsy Water',200.00,'Bohemian aromatic scent',6),(2089,'Jo Malone Wood Sage',155.00,'Sea salt cologne spray',6),(2090,'Tom Ford Lost Cherry',395.00,'Sweet gourmand perfume',6),(2091,'Oral-B iO Series 9',299.00,'Electric smart toothbrush',6),(2092,'Braun Series 9 Pro',329.00,'Mens electric shaver',6),(2093,'Waterpik Aquarius',99.00,'Professional water flosser',6),(2094,'Mason Pearson Brush',240.00,'Handmade boar bristle',6),(2095,'LEGO Millennium Falcon',849.99,'Star Wars UCS 7541 pieces',7),(2096,'Barbie Dreamhouse',179.00,'Pool slide and elevator',7),(2097,'Nintendo Switch OLED',349.99,'Handheld gaming console',7),(2098,'Catan Board Game',44.00,'Classic strategy resource',7),(2099,'Ticket to Ride',48.00,'North American train game',7),(2100,'Nerf Elite 2.0',24.99,'Motorized blaster with darts',7),(2101,'Hot Wheels 50-Pack',54.99,'Assorted toy racing cars',7),(2102,'Squishmallows Plush',19.99,'Super soft 12-inch animal',7),(2103,'Tamagotchi Pix',59.99,'Virtual pet with camera',7),(2104,'Magic The Gathering',45.00,'Commander starter deck',7),(2105,'Pokemon Elite Box',49.99,'Trading card booster set',7),(2106,'GraviTrax Starter',69.99,'Marble run system kit',7),(2107,'Magnatiles 100-Piece',119.00,'Magnetic building blocks',7),(2108,'Snap Circuits Pro',99.00,'Electronics discovery kit',7),(2109,'Play-Doh Mega Pack',22.00,'36-pack of modeling clay',7),(2110,'Melissa & Doug Kitchen',150.00,'Wooden play kitchen set',7),(2111,'Fisher-Price Walker',39.00,'Sit-to-stand activity toy',7),(2112,'Tonies Starter Set',99.99,'Audio player for kids',7),(2113,'Yoto Player 3rd Gen',119.00,'Screen-free audio card',7),(2114,'American Girl Doll',115.00,'Historical character doll',7),(2115,'L.O.L. Surprise House',149.00,'Multi-story wooden dollhouse',7),(2116,'Funko Pop Batman',12.99,'Vinyl collectible figure',7),(2117,'Exploding Kittens',20.00,'Card game for families',7),(2118,'Cards Against Humanity',30.00,'Party game for horrible people',7),(2119,'Codenames Game',19.95,'Social word deduction',7),(2120,'Azul Board Game',39.99,'Tile placement strategy',7),(2121,'7 Wonders Game',59.99,'Ancient world civilization',7),(2122,'Pandemic Game',39.99,'Cooperative virus board game',7),(2123,'Scythe Board Game',90.00,'Engine building strategy',7),(2124,'Wingspan Board Game',60.00,'Bird collection strategy',7),(2125,'Step2 Water Table',89.99,'Outdoor splash play pond',7),(2126,'Radio Flyer Trike',79.00,'Classic red tricycle',7),(2127,'Micro Maxi Scooter',139.00,'Swiss engineered 3-wheel',7),(2128,'Razor A5 Lux',99.00,'Large wheel kick scooter',7),(2129,'DJI Tello Drone',99.00,'Educational mini drone',7),(2130,'Sphero BOLT',179.00,'App-enabled robotic ball',7),(2131,'Anki Cozmo Robot',179.99,'AI powered small robot',7),(2132,'Rubik’s Cube 3x3',9.99,'Original puzzle challenge',7),(2133,'Kanoodle 3D Puzzle',14.00,'Brain twisting solo game',7),(2134,'Uno Card Game',5.99,'Classic matching family game',7),(2135,'Jenga Classic',14.99,'Wood block stacking game',7),(2136,'Connect 4 Grid',9.99,'Line up four strategy',7),(2137,'Monopoly Classic',21.00,'Property trading board game',7),(2138,'Scrabble Crossword',19.99,'Letter word tile game',7),(2139,'Battleship Game',16.00,'Naval combat strategy',7),(2140,'Clue Mystery Game',10.00,'Whodunnit board game',7),(2141,'Operation Skill Game',19.00,'Steady hand medical game',7),(2142,'Trivial Pursuit',29.99,'Knowledge and trivia game',7),(2143,'Risk Strategy Game',32.00,'Global conquest mission',7),(2144,'Sorry! Board Game',12.00,'Classic slide and bump',7),(2145,'Michelin Pilot Sport',210.00,'High performance tire',8),(2146,'Castrol EDGE 5W-30',32.00,'Full synthetic motor oil',8),(2147,'NOCO Boost Plus',99.95,'Portable jump starter 1000A',8),(2148,'Garmin Dash Cam 67W',259.00,'1440p wide angle camera',8),(2149,'Chemical Guys Kit',99.00,'14-piece wash bucket set',8),(2150,'WeatherTech Mats',180.00,'Custom fit floor liners',8),(2151,'Thule Motion XT',999.00,'Roof cargo carrier large',8),(2152,'Yakima Bike Rack',549.00,'Hitch mounted carrier',8),(2153,'Bosch Icon Wiper',26.00,'Premium beam blade single',8),(2154,'Meguiar’s Gold Wax',14.99,'Liquid car wax 16oz',8),(2155,'Black+Decker Car Vac',45.00,'12V handheld suction',8),(2156,'Rain-X Treatment',8.00,'Glass water repellent',8),(2157,'K&N Engine Air Filter',55.00,'High flow washable filter',8),(2158,'OBD2 Scanner Ancel',35.00,'Car diagnostic code tool',8),(2159,'Armor All Wipes',6.50,'Cleaning and protectant',8),(2160,'Turtle Wax Scratch',14.00,'Paint repair system kit',8),(2161,'Sylvania H11 Bulbs',34.99,'SilverStar Ultra headlight',8),(2162,'Viair Air Compressor',89.00,'Portable tire inflator',8),(2163,'Fix-a-Flat Can',12.00,'Emergency tire repair',8),(2164,'Scosche Magnetic',24.99,'Dashboard phone mount',8),(2165,'Thinkware U3000',549.00,'4K front and rear dashcam',8),(2166,'Adam’s Polishes Kit',120.00,'Ceramic coating treatment',8),(2167,'Griot’s Speed Shine',18.00,'Quick detailer spray',8),(2168,'Invisible Glass',6.00,'Streak-free window cleaner',8),(2169,'SunJoe Power Washer',169.00,'Electric car wash sprayer',8),(2170,'Chemical Guys Foam',49.00,'Snow foam cannon attachment',8),(2171,'Kuat NV 2.0 Rack',849.00,'Premium hitch bike mount',8),(2172,'Covercraft Shield',85.00,'Custom fit UV sun shade',8),(2173,'Bissell Auto Spot',159.00,'Upholstery carpet cleaner',8),(2174,'Hulkman Jump Pack',169.00,'2000A battery starter',8),(2175,'BlueDriver OBDII',99.00,'Bluetooth smartphone scan',8),(2176,'Tekton Torque Wrench',45.00,'1/2-inch drive clicker',8),(2177,'Mechanix Gloves',25.00,'Work and repair protection',8),(2178,'Magnetic Hood Light',22.00,'Under-bonnet LED bar',8),(2179,'Mobil 1 Synthetic',35.00,'Advanced motor oil 5qt',8),(2180,'Fram Ultra Filter',14.00,'Synthetic engine oil filter',8),(2181,'NGK Iridium Spark',9.50,'High performance laser plug',8),(2182,'Sea Foam Treatment',10.00,'Fuel system internal cleaner',8),(2183,'Zerex Antifreeze',18.00,'G05 heavy duty coolant',8),(2184,'Peak BlueDef 2.5gal',16.00,'Diesel exhaust fluid',8),(2185,'Slime Tire Sealant',10.00,'Flat prevention liquid',8),(2186,'Digital Tire Gauge',15.00,'Backlit accurate reader',8),(2187,'Escort MAX 360c',699.00,'Radar and laser detector',8),(2188,'Cobra RAD 480i',149.00,'Connected radar detector',8),(2189,'Milwaukee Inflator',129.00,'M12 cordless tire pump',8),(2190,'Meguiar’s Clay Bar',29.00,'Smooth surface kit',8),(2191,'ThisWorx Vacuum',39.99,'High power portable vac',8),(2192,'Dometic CFX3 35',899.00,'Portable electric freezer',8),(2193,'Valvoline High Mile',28.00,'Synthetic blend for older cars',8),(2194,'K&N Cabin Filter',45.00,'Washable air conditioner filter',8),(2195,'Weber Spirit II E-310',569.00,'3-burner gas grill',9),(2196,'EGO Power+ Mower',599.00,'56V cordless electric',9),(2197,'Ryobi Leaf Blower',159.00,'40V battery jet fan',9),(2198,'Milwaukee Trimmer',229.00,'M18 fuel string edger',9),(2199,'DeWalt Chainsaw',249.00,'20V Max cordless 12-inch',9),(2200,'Fiskars Pruner',22.00,'Steel bypass hand shears',9),(2201,'Miracle-Gro Soil',12.00,'All purpose potting mix',9),(2202,'Ring Floodlight Cam',199.00,'Outdoor security lighting',9),(2203,'Husqvarna AutoMower',1299.00,'Robotic lawn maintenance',9),(2204,'Suncast Garden Shed',899.00,'Vertical storage resin cabinet',9),(2205,'Gardena Hose Reel',145.00,'Retractable wall mount',9),(2206,'Ooni Koda 16 Oven',799.00,'Gas powered pizza oven',9),(2207,'Traeger Pro 575',899.00,'Wifi pellet wood grill',9),(2208,'Kamado Joe Classic',1299.00,'Ceramic charcoal cooker',9),(2209,'Solo Stove Bonfire',299.00,'Smokeless stainless fire pit',9),(2210,'Greenworks Pressure',249.00,'2300 PSI electric washer',9),(2211,'Rachio 3 Smart Hub',199.00,'8-zone sprinkler controller',9),(2212,'Orbit Hose Timer',69.00,'Wifi faucet watering hub',9),(2213,'AeroGarden Bounty',429.00,'Indoor hydroponic garden',9),(2214,'Bird Buddy Camera',299.00,'Smart AI bird feeder',9),(2215,'Fiskars X27 Axe',65.00,'36-inch wood splitting axe',9),(2216,'Felco 2 Pruners',64.00,'Swiss made bypass shears',9),(2217,'Gorilla Cart GOR4',129.00,'Heavy duty steel wagon',9),(2218,'Jackery SolarSaga',299.00,'100W foldable solar panel',9),(2219,'EcoFlow Delta 2',999.00,'1kWh portable power bank',9),(2220,'Vego Raised Bed',189.00,'Modular metal garden box',9),(2221,'Keter Deck Box',140.00,'Resin outdoor storage chest',9),(2222,'Scotts Turf Builder',24.00,'Lawn food and fertilizer',9),(2223,'Milorganite 32lb',22.00,'Organic nitrogen fertilizer',9),(2224,'Worx Landroid S',999.00,'Robotic mower for small yards',9),(2225,'Hammock with Stand',115.00,'Double cotton with steel frame',9),(2226,'Patio Umbrella 10ft',85.00,'Offset cantilever parasol',9),(2227,'Rain Barrel 50gal',120.00,'Water collection storage',9),(2228,'Thermacell E55',39.00,'Rechargeable mosquito repeller',9),(2229,'Dynatrap Mosquito',149.00,'Outdoor flying insect trap',9),(2230,'Tiki Brand Torch',35.00,'Adjustable flame garden light',9),(2231,'Blink Outdoor 4',119.00,'Wireless security camera',9),(2232,'Arlo Floodlight',249.00,'Wire-free 2K outdoor cam',9),(2233,'Ames Garden Cart',110.00,'Rolling 4-wheel poly cart',9),(2234,'Hampton Bay Patio',599.00,'5-piece dining furniture set',9),(2235,'Dramm ColorStorm',65.00,'Heavy duty rubber water hose',9),(2236,'Gilmour Spray Wand',22.00,'Multi-pattern watering nozzle',9),(2237,'Scotts Spreader',129.00,'Large capacity broadcast',9),(2238,'Bee House Bamboo',18.00,'Nesting for pollinators',9),(2239,'Vegepod Medium',229.00,'Self-watering raised bed',9),(2240,'Click and Grow Smart',99.00,'Indoor herb garden kit',9),(2241,'Makita Cordless Saw',329.00,'Brushless chain saw 14-inch',9),(2242,'Corona Folding Saw',25.00,'10-inch razor tooth blade',9),(2243,'Nisaku Hori Hori',28.00,'Japanese digging knife',9),(2244,'Bully Tools Shovel',45.00,'Round point digging spade',9),(2245,'Oura Ring Gen3',299.00,'Smart health tracking ring',10),(2246,'Theragun Pro G5',599.00,'Percussion massage therapy',10),(2247,'Withings Smart Scale',99.00,'Body composition WiFi scale',10),(2248,'Omron Blood Pressure',75.00,'Upper arm digital monitor',10),(2249,'Athletic Greens AG1',99.00,'Daily green nutrition powder',10),(2250,'Vital Proteins Collagen',25.00,'Unflavored bovine peptides',10),(2251,'Optimum Nutrition Whey',75.00,'5lb gold standard protein',10),(2252,'Liquid I.V. 30-Pack',39.00,'Hydration multiplier packets',10),(2253,'Hatch Restore 2',199.00,'Sunrise alarm sound machine',10),(2254,'weighted Blanket 15lb',65.00,'Calming glass bead filling',10),(2255,'Vicks Humidifier',44.00,'Filter-free cool mist unit',10),(2256,'Philips Wake-up Light',99.00,'Simulation sunrise clock',10),(2257,'Waterpik Cordless',89.99,'Advanced water flosser',10),(2258,'Quip Electric Brush',25.00,'Starter sonic toothbrush',10),(2259,'Lumineux Whitening',45.00,'Non-toxic teeth strips',10),(2260,'Colgate LED Kit',150.00,'Teeth whitening light kit',10),(2261,'NeilMed Sinus Rinse',15.00,'Saline irrigation bottle kit',10),(2262,'Navage SaltPod 30pk',14.00,'Nasal irrigation refills',10),(2263,'Emergen-C Vitamin C',15.00,'30 count immune support',10),(2264,'Garden of Life Probiotic',35.00,'Shelf stable digestive health',10),(2265,'Nordic Naturals Omega',32.00,'Ultimate fish oil 180ct',10),(2266,'Thorne Multivitamin',45.00,'Elite performance nutrients',10),(2267,'SmartyPants Gummy',22.00,'Adult multi with Omega 3',10),(2268,'Vega Sport Protein',48.00,'Plant based vanilla 2lb',10),(2269,'Quest Protein Bar',28.00,'12-pack cookies and cream',10),(2270,'RXBAR 12-Pack',24.00,'Whole food protein bars',10),(2271,'Honey Stinger Waffle',22.00,'Organic sports snack pack',10),(2272,'Gu Energy Gel 24pk',36.00,'Assorted marathon fuel',10),(2273,'Nuun Sport Tablets',25.00,'4-pack electrolyte drink',10),(2274,'Excedrin Migraine',15.00,'Pain reliever 200ct caplets',10),(2275,'Biofreeze Gel',12.00,'Cold therapy topical relief',10),(2276,'Tiger Balm Ultra',9.00,'Extra strength muscle rub',10),(2277,'Mederma Scar Gel',24.00,'Advanced skin treatment',10),(2278,'First Aid Kit Pro',45.00,'Medical grade emergency bag',10),(2279,'Vicks DayQuil Severe',18.00,'Cold and flu multi-symptom',10),(2280,'Mucinex DM Max',22.00,'12 hour cough expectorant',10),(2281,'Flonase Nasal Spray',26.00,'Allergy relief 144 sprays',10),(2282,'Claritin 24hr Allergy',35.00,'Non-drowsy 70ct tablets',10),(2283,'Band-Aid Fabric 100ct',8.00,'Flexible wound protection',10),(2284,'Purell Hand Sanitizer',14.00,'Liter bottle with pump',10),(2285,'Bengay Ultra Relief',8.00,'Pain relieving cream 4oz',10),(2286,'Burt’s Bees Lip Balm',10.00,'4-pack peppermint original',10),(2287,'Centrum Multivitamin',12.00,'Adult 100 count bottle',10),(2288,'ZzzQuil Pure Zzzs',16.00,'Melatonin sleep aid gummy',10),(2289,'Olly Stress Relief',14.00,'GABA and L-Theanine gummy',10),(2290,'Bach Rescue Remedy',15.00,'Natural flower stress drops',10),(2291,'Advil 200mg 200ct',14.00,'Ibuprofen pain reliever',10),(2292,'Tylenol 500mg 100ct',12.00,'Extra strength paracetamol',10),(2293,'Blue Light Glasses',25.00,'Anti eye strain digital wear',10),(2294,'Whoop 4.0 Tracker',30.00,'Monthly fitness subscription',10);
/*!40000 ALTER TABLE `products` ENABLE KEYS */;
UNLOCK TABLES;

--
-- Table structure for table `profiles`
--

DROP TABLE IF EXISTS `profiles`;
/*!40101 SET @saved_cs_client     = @@character_set_client */;
/*!50503 SET character_set_client = utf8mb4 */;
CREATE TABLE `profiles` (
  `id` bigint NOT NULL,
  `bio` longtext,
  `phone_number` varchar(15) DEFAULT NULL,
  `date_of_birth` date DEFAULT NULL,
  `loyalty_points` int unsigned DEFAULT '0',
  PRIMARY KEY (`id`),
  CONSTRAINT `profiles_ibfk_1` FOREIGN KEY (`id`) REFERENCES `users` (`id`)
) ENGINE=InnoDB DEFAULT CHARSET=utf8mb4 COLLATE=utf8mb4_0900_ai_ci;
/*!40101 SET character_set_client = @saved_cs_client */;

--
-- Dumping data for table `profiles`
--

LOCK TABLES `profiles` WRITE;
/*!40000 ALTER TABLE `profiles` DISABLE KEYS */;
/*!40000 ALTER TABLE `profiles` ENABLE KEYS */;
UNLOCK TABLES;

--
-- Table structure for table `users`
--

DROP TABLE IF EXISTS `users`;
/*!40101 SET @saved_cs_client     = @@character_set_client */;
/*!50503 SET character_set_client = utf8mb4 */;
CREATE TABLE `users` (
  `id` bigint NOT NULL AUTO_INCREMENT,
  `name` varchar(255) NOT NULL,
  `email` varchar(255) NOT NULL,
  `password` varchar(255) NOT NULL,
  PRIMARY KEY (`id`)
) ENGINE=InnoDB AUTO_INCREMENT=269 DEFAULT CHARSET=utf8mb4 COLLATE=utf8mb4_0900_ai_ci;
/*!40101 SET character_set_client = @saved_cs_client */;

--
-- Dumping data for table `users`
--

LOCK TABLES `users` WRITE;
/*!40000 ALTER TABLE `users` DISABLE KEYS */;
INSERT INTO `users` VALUES (2,'Karim Soveity','karim@gmail.com','karimali'),(3,'Ziad','yousra@gmail.com','yousra123'),(4,'Ayoub EZZOUITINE','ezzouitine@gmail.com','ezzouitine123'),(5,'Karim Ali','karimali@gmail.com','karimali'),(6,'Karim Soveity','karimali@gmail.com','karimali'),(7,'Abdel Wahed','khenfouri@gmail.com','Abdelhwaed'),(8,'Abdelhafed El Gouorari','Gouorari@gmail.com','Gouorari'),(9,'Dave Kurk','dave@gmail.com','dave'),(10,'James cook','james@gmail.com','james'),(11,'Emma Johnson','emma.johnson@gmail.com','Emma@123'),(12,'Liam Smith','liam.smith@yahoo.com','Liam@123'),(13,'Olivia Brown','olivia.brown@hotmail.com','Olivia@123'),(14,'Noah Davis','noah.davis@gmail.com','Noah@123'),(15,'Ava Miller','ava.miller@yahoo.com','Ava@123'),(16,'William Wilson','william.wilson@gmail.com','William@123'),(17,'Sophia Moore','sophia.moore@hotmail.com','Sophia@123'),(18,'James Taylor','james.taylor@gmail.com','James@123'),(19,'Isabella Anderson','isabella.anderson@yahoo.com','Isabella@123'),(20,'Benjamin Thomas','benjamin.thomas@gmail.com','Benjamin@123'),(21,'Mia Jackson','mia.jackson@hotmail.com','Mia@123'),(22,'Lucas White','lucas.white@gmail.com','Lucas@123'),(23,'Charlotte Harris','charlotte.harris@yahoo.com','Charlotte@123'),(24,'Henry Martin','henry.martin@gmail.com','Henry@123'),(25,'Amelia Thompson','amelia.thompson@hotmail.com','Amelia@123'),(26,'Alexander Garcia','alex.garcia@gmail.com','Alex@123'),(27,'Harper Martinez','harper.martinez@yahoo.com','Harper@123'),(28,'Daniel Robinson','daniel.robinson@gmail.com','Daniel@123'),(29,'Evelyn Clark','evelyn.clark@hotmail.com','Evelyn@123'),(30,'Matthew Rodriguez','matthew.rodriguez@gmail.com','Matthew@123'),(31,'Abigail Lewis','abigail.lewis@yahoo.com','Abigail@123'),(32,'Joseph Lee','joseph.lee@gmail.com','Joseph@123'),(33,'Emily Walker','emily.walker@hotmail.com','Emily@123'),(34,'David Hall','david.hall@gmail.com','David@123'),(35,'Elizabeth Allen','elizabeth.allen@yahoo.com','Elizabeth@123'),(36,'Samuel Young','samuel.young@gmail.com','Samuel@123'),(37,'Sofia Hernandez','sofia.hernandez@hotmail.com','Sofia@123'),(38,'Andrew King','andrew.king@gmail.com','Andrew@123'),(39,'Avery Wright','avery.wright@yahoo.com','Avery@123'),(40,'Joshua Lopez','joshua.lopez@gmail.com','Joshua@123'),(41,'Ella Hill','ella.hill@hotmail.com','Ella@123'),(42,'Christopher Scott','chris.scott@gmail.com','Chris@123'),(43,'Scarlett Green','scarlett.green@yahoo.com','Scarlett@123'),(44,'Gabriel Adams','gabriel.adams@gmail.com','Gabriel@123'),(45,'Victoria Baker','victoria.baker@hotmail.com','Victoria@123'),(46,'Anthony Gonzalez','anthony.gonzalez@gmail.com','Anthony@123'),(47,'Madison Nelson','madison.nelson@yahoo.com','Madison@123'),(48,'Mark Carter','mark.carter@gmail.com','Mark@123'),(49,'Luna Mitchell','luna.mitchell@hotmail.com','Luna@123'),(50,'Steven Perez','steven.perez@gmail.com','Steven@123'),(51,'Grace Roberts','grace.roberts@yahoo.com','Grace@123'),(52,'Paul Turner','paul.turner@gmail.com','Paul@123'),(53,'Chloe Phillips','chloe.phillips@hotmail.com','Chloe@123'),(54,'Kevin Campbell','kevin.campbell@gmail.com','Kevin@123'),(55,'Riley Parker','riley.parker@yahoo.com','Riley@123'),(56,'Brian Evans','brian.evans@gmail.com','Brian@123'),(57,'Aria Edwards','aria.edwards@hotmail.com','Aria@123'),(58,'Jason Collins','jason.collins@gmail.com','Jason@123'),(59,'Nora Stewart','nora.stewart@yahoo.com','Nora@123'),(60,'Justin Sanchez','justin.sanchez@gmail.com','Justin@123'),(61,'Zoe Morris','zoe.morris@hotmail.com','Zoe@123'),(62,'Aaron Rogers','aaron.rogers@gmail.com','Aaron@123'),(63,'Hannah Reed','hannah.reed@yahoo.com','Hannah@123'),(64,'Eric Cook','eric.cook@gmail.com','Eric@123'),(65,'Lily Morgan','lily.morgan@hotmail.com','Lily@123'),(66,'Adam Bell','adam.bell@gmail.com','Adam@123'),(67,'Layla Murphy','layla.murphy@yahoo.com','Layla@123'),(68,'Nathan Bailey','nathan.bailey@gmail.com','Nathan@123'),(69,'Aubrey Rivera','aubrey.rivera@hotmail.com','Aubrey@123'),(70,'Kyle Cooper','kyle.cooper@gmail.com','Kyle@123'),(71,'Zoey Richardson','zoey.richardson@yahoo.com','Zoey@123'),(72,'Ryan Cox','ryan.cox@gmail.com','Ryan@123'),(73,'Penelope Howard','penelope.howard@hotmail.com','Penelope@123'),(74,'Brandon Ward','brandon.ward@gmail.com','Brandon@123'),(75,'Violet Torres','violet.torres@yahoo.com','Violet@123'),(76,'Tyler Peterson','tyler.peterson@gmail.com','Tyler@123'),(77,'Stella Gray','stella.gray@hotmail.com','Stella@123'),(78,'Dylan Ramirez','dylan.ramirez@gmail.com','Dylan@123'),(79,'Aurora James','aurora.james@yahoo.com','Aurora@123'),(80,'Zachary Watson','zachary.watson@gmail.com','Zachary@123'),(81,'Savannah Brooks','savannah.brooks@hotmail.com','Savannah@123'),(82,'Logan Kelly','logan.kelly@gmail.com','Logan@123'),(83,'Skylar Sanders','skylar.sanders@yahoo.com','Skylar@123'),(84,'Ethan Price','ethan.price@gmail.com','Ethan@123'),(85,'Bella Bennett','bella.bennett@hotmail.com','Bella@123'),(86,'Caleb Wood','caleb.wood@gmail.com','Caleb@123'),(87,'Naomi Barnes','naomi.barnes@yahoo.com','Naomi@123'),(88,'Owen Ross','owen.ross@gmail.com','Owen@123'),(89,'Alice Henderson','alice.henderson@hotmail.com','Alice@123'),(90,'Isaac Coleman','isaac.coleman@gmail.com','Isaac@123'),(91,'Claire Jenkins','claire.jenkins@yahoo.com','Claire@123'),(92,'Eli Perry','eli.perry@gmail.com','Eli@123'),(93,'Lucy Powell','lucy.powell@hotmail.com','Lucy@123'),(94,'Jordan Long','jordan.long@gmail.com','Jordan@123'),(95,'Anna Patterson','anna.patterson@yahoo.com','Anna@123'),(96,'Connor Hughes','connor.hughes@gmail.com','Connor@123'),(97,'Sarah Flores','sarah.flores@hotmail.com','Sarah@123'),(98,'Hunter Washington','hunter.washington@gmail.com','Hunter@123'),(99,'Maya Butler','maya.butler@yahoo.com','Maya@123'),(100,'Austin Simmons','austin.simmons@gmail.com','Austin@123'),(101,'Elena Foster','elena.foster@hotmail.com','Elena@123'),(102,'Robert Gonzales','robert.gonzales@gmail.com','Robert@123'),(103,'Kayla Bryant','kayla.bryant@yahoo.com','Kayla@123'),(104,'Charles Alexander','charles.alexander@gmail.com','Charles@123'),(105,'Julia Russell','julia.russell@hotmail.com','Julia@123'),(106,'Thomas Griffin','thomas.griffin@gmail.com','Thomas@123'),(107,'Alexis Diaz','alexis.diaz@yahoo.com','Alexis@123'),(108,'Liam Smith','liam.smith@example.com','$2y$10$92IXUNpkjO0rOQ5byMi.Ye4oKoEa3Ro9llC/.og/at2.uheWG/igi'),(109,'Olivia Johnson','olivia.j@webmail.org','$2y$10$92IXUNpkjO0rOQ5byMi.Ye4oKoEa3Ro9llC/.og/at2.uheWG/igi'),(110,'Noah Williams','noah.w88@provider.net','secure_pass_123'),(111,'Emma Brown','emma.brown@example.com','P@ssword2026'),(112,'Oliver Jones','ojones_pro@service.io','$2y$10$e0MYzXy..'),(113,'Ava Garcia','ava.garcia@outlook.com','user_pass_99'),(114,'Elijah Miller','e.miller@company.com','shadow_88_bolt'),(115,'Charlotte Davis','charlotte.d@gmail.com','spring_vibes_20'),(116,'William Rodriguez','will.rod@domain.com','blue_ocean_77'),(117,'Sophia Martinez','sophia.m@webmail.com','hidden_gem_55'),(118,'James Hernandez','j.hernandez@service.net','mountain_high_1'),(119,'Amelia Lopez','amelia_l@provider.com','forest_walk_12'),(120,'Benjamin Gonzalez','ben.gonz@example.org','city_lights_99'),(121,'Isabella Wilson','isabella.w@domain.io','river_flow_44'),(122,'Lucas Anderson','lucas.a@outlook.com','desert_sand_11'),(123,'Mia Thomas','mia.t@company.net','sky_cloud_33'),(124,'Henry Taylor','henry.t82@webmail.com','night_star_22'),(125,'Evelyn Moore','evelyn.m@example.com','morning_dew_88'),(126,'Theodore Jackson','theo.j@provider.io','fire_flame_66'),(127,'Harper Martin','harper.m@service.com','earth_ground_00'),(128,'Alexander Lee','alex.lee@domain.com','gold_mine_14'),(129,'Luna Perez','luna.p@outlook.com','silver_line_25'),(130,'Michael Thompson','m.thompson@example.org','bronze_medal_36'),(131,'Elizabeth White','elizabeth.w@webmail.net','platinum_disk_47'),(132,'Ethan Harris','ethan.h@company.io','diamond_ring_58'),(133,'Sofia Sanchez','sofia.s@provider.com','ruby_stone_69'),(134,'Daniel Clark','d.clark@domain.net','emerald_green_70'),(135,'Avery Ramirez','avery.r@service.com','sapphire_blue_81'),(136,'Jacob Lewis','jacob.l@outlook.com','topaz_yellow_92'),(137,'Scarlett Robinson','scarlett.r@example.com','pearl_white_03'),(138,'Logan Walker','logan.w@provider.org','opal_color_14'),(139,'Layla Young','layla.y@webmail.com','quartz_crystal_25'),(140,'Jackson Allen','jackson.a@domain.io','amber_glow_36'),(141,'Mila King','mila.k@company.com','jade_statue_47'),(142,'Levi Wright','levi.w@service.net','garnet_red_58'),(143,'Aria Scott','aria.s@outlook.com','onyx_black_69'),(144,'Sebastian Torres','seb.t@example.net','zircon_light_70'),(145,'Camila Nguyen','camila.n@provider.com','agate_grey_81'),(146,'Jack Hill','j.hill@domain.com','coral_pink_92'),(147,'Gianna Flores','gianna.f@webmail.org','azure_sky_03'),(148,'Owen Green','owen.g@company.io','crimson_tide_14'),(149,'Eliana Adams','eliana.a@service.com','velvet_touch_25'),(150,'Aiden Nelson','aiden.n@outlook.com','silk_road_36'),(151,'Brooklyn Baker','brooklyn.b@example.org','denim_blue_47'),(152,'Samuel Hall','samuel.h@provider.net','satin_finish_58'),(153,'Abigail Rivera','abigail.r@domain.com','linen_white_69'),(154,'Matthew Campbell','matt.c@webmail.com','wool_warmth_70'),(155,'Chloe Mitchell','chloe.m@company.net','leather_tough_81'),(156,'Luke Carter','luke.c@service.io','suede_soft_92'),(157,'Ella Roberts','ella.r@outlook.com','lace_delicate_03'),(158,'Isaac Gomez','isaac.g@example.com','pass_9876'),(159,'Aurora Phillips','aurora.p@provider.org','pass_5432'),(160,'Gabriel Evans','gab.evans@webmail.com','pass_1111'),(161,'Nora Turner','nora.t@domain.net','pass_2222'),(162,'Julian Diaz','julian.d@service.com','pass_3333'),(163,'Hazel Parker','hazel.p@outlook.com','pass_4444'),(164,'Anthony Cruz','anthony.c@company.io','pass_5555'),(165,'Zoey Edwards','zoey.e@example.net','pass_6666'),(166,'Grayson Collins','grayson.c@provider.com','pass_7777'),(167,'Penelope Reyes','penelope.r@domain.com','pass_8888'),(168,'Christopher Stewart','chris.s@webmail.org','pass_9999'),(169,'Elena Morris','elena.m@service.net','pass_0000'),(170,'Joshua Morales','josh.m@outlook.com','alpha_beta_1'),(171,'Isla Murphy','isla.m@company.com','gamma_delta_2'),(172,'Andrew Cook','andrew.c@example.org','epsilon_zeta_3'),(173,'Eleanor Rogers','eleanor.r@provider.io','eta_theta_4'),(174,'Lincoln Gutierrez','lincoln.g@domain.com','iota_kappa_5'),(175,'Willow Ortiz','willow.o@service.com','lambda_mu_6'),(176,'Mateo Morgan','mateo.m@webmail.com','nu_xi_7'),(177,'Grace Cooper','grace.c@outlook.com','omicron_pi_8'),(178,'Ryan Peterson','ryan.p@company.net','rho_sigma_9'),(179,'Emilia Bailey','emilia.b@example.com','tau_upsilon_0'),(180,'Nathan Reed','nathan.r@provider.net','phi_chi_11'),(181,'Stella Kelly','stella.k@domain.org','psi_omega_22'),(182,'Aaron Howard','aaron.h@service.io','bolt_lightning_1'),(183,'Violet Ramos','violet.r@outlook.com','storm_thunder_2'),(184,'Isaiah Kim','isaiah.k@webmail.com','rain_puddle_3'),(185,'Natalie Cox','natalie.c@company.com','snow_flake_4'),(186,'Thomas Ward','thomas.w@example.net','wind_breeze_5'),(187,'Lily Richardson','lily.r@provider.com','sun_beam_6'),(188,'Charles Watson','charles.w@domain.com','moon_glow_7'),(189,'Alice Brooks','alice.b@service.net','comet_tail_8'),(190,'Caleb Chavez','caleb.c@outlook.com','meteor_crash_9'),(191,'Madelyn Wood','madelyn.w@company.io','galaxy_spiral_10'),(192,'Josiah James','josiah.j@example.org','nebula_cloud_11'),(193,'Victoria Bennett','victoria.b@webmail.com','supernova_star_12'),(194,'Christian Gray','christian.g@provider.io','quasar_light_13'),(195,'Maya Mendoza','maya.m@domain.net','pulsar_beat_14'),(196,'Hunter Ruiz','hunter.r@service.com','gravity_pull_15'),(197,'Lillian Hughes','lillian.h@outlook.com','orbit_circle_16'),(198,'Jonathan Price','jonathan.p@company.net','rocket_fuel_17'),(199,'Addison Alvarez','addison.a@example.com','shuttle_launch_18'),(200,'Axel Castillo','axel.c@provider.net','rover_land_19'),(201,'Aubrey Sanders','aubrey.s@domain.org','lander_touch_20'),(202,'Cooper Patel','cooper.p@service.io','satellite_dish_21'),(203,'Ellie Myers','ellie.m@webmail.com','telescope_lens_22'),(204,'Miles Long','miles.l@company.com','astronomer_view_23'),(205,'Stella Ross','stella.ross@example.net','planet_mars_24'),(206,'Adrian Foster','adrian.f@provider.com','planet_venus_25'),(207,'Everly Jimenez','everly.j@domain.com','planet_jupiter_26'),(208,'Zane Porter','zane.p500@example.com','final_record_2026'),(209,'Liam Smith','l.smith@outlook.com','$2y$10$e0MYzXy..randomhash01'),(210,'Noah Williams','noah.will88@gmail.com','$2y$10$e0MYzXy..randomhash02'),(211,'Oliver Brown','oliver.b@provider.net','$2y$10$e0MYzXy..randomhash03'),(212,'James Garcia','j.garcia@company.io','$2y$10$e0MYzXy..randomhash04'),(213,'Elijah Miller','emiller_pro@webmail.com','$2y$10$e0MYzXy..randomhash05'),(214,'Mateo Davis','mateo.d@service.org','$2y$10$e0MYzXy..randomhash06'),(215,'Theodore Rodriguez','theo.rod@domain.com','$2y$10$e0MYzXy..randomhash07'),(216,'Henry Martinez','henry.m@outlook.com','$2y$10$e0MYzXy..randomhash08'),(217,'Lucas Hernandez','lucas.h@provider.net','$2y$10$e0MYzXy..randomhash09'),(218,'William Lopez','william.l@gmail.com','$2y$10$e0MYzXy..randomhash10'),(219,'Benjamin Gonzalez','ben.gonz@company.io','$2y$10$e0MYzXy..randomhash11'),(220,'Sebastian Wilson','seb.wilson@webmail.com','$2y$10$e0MYzXy..randomhash12'),(221,'Jack Anderson','jack.a@service.org','$2y$10$e0MYzXy..randomhash13'),(222,'Alexander Thomas','alex.t@domain.com','$2y$10$e0MYzXy..randomhash14'),(223,'Ethan Taylor','ethan.t@outlook.com','$2y$10$e0MYzXy..randomhash15'),(224,'Daniel Moore','d.moore@provider.net','$2y$10$e0MYzXy..randomhash16'),(225,'Jacob Jackson','j.jackson@gmail.com','$2y$10$e0MYzXy..randomhash17'),(226,'Michael Martin','m.martin@company.io','$2y$10$e0MYzXy..randomhash18'),(227,'Jackson Lee','jackson.lee@webmail.com','$2y$10$e0MYzXy..randomhash19'),(228,'Levi Perez','levi.p@service.org','$2y$10$e0MYzXy..randomhash20'),(229,'Emma Thompson','emma.t@domain.com','$2y$10$e0MYzXy..randomhash21'),(230,'Olivia White','olivia.w@outlook.com','$2y$10$e0MYzXy..randomhash22'),(231,'Ava Harris','ava.h@provider.net','$2y$10$e0MYzXy..randomhash23'),(232,'Sophia Sanchez','sophia.s@gmail.com','$2y$10$e0MYzXy..randomhash24'),(233,'Isabella Clark','isabella.c@company.io','$2y$10$e0MYzXy..randomhash25'),(234,'Mia Ramirez','mia.r@webmail.com','$2y$10$e0MYzXy..randomhash26'),(235,'Charlotte Lewis','charlotte.l@service.org','$2y$10$e0MYzXy..randomhash27'),(236,'Amelia Robinson','amelia.r@domain.com','$2y$10$e0MYzXy..randomhash28'),(237,'Harper Walker','harper.w@outlook.com','$2y$10$e0MYzXy..randomhash29'),(238,'Evelyn Young','evelyn.y@provider.net','$2y$10$e0MYzXy..randomhash30'),(239,'Abigail Allen','abigail.a@gmail.com','$2y$10$e0MYzXy..randomhash31'),(240,'Luna King','luna.k@company.io','$2y$10$e0MYzXy..randomhash32'),(241,'Ella Wright','ella.w@webmail.com','$2y$10$e0MYzXy..randomhash33'),(242,'Elizabeth Scott','elizabeth.s@service.org','$2y$10$e0MYzXy..randomhash34'),(243,'Sofia Torres','sofia.t@domain.com','$2y$10$e0MYzXy..randomhash35'),(244,'Emily Nguyen','emily.n@outlook.com','$2y$10$e0MYzXy..randomhash36'),(245,'Mila Hill','mila.h@provider.net','$2y$10$e0MYzXy..randomhash37'),(246,'Aria Flores','aria.f@gmail.com','$2y$10$e0MYzXy..randomhash38'),(247,'Scarlett Green','scarlett.g@company.io','$2y$10$e0MYzXy..randomhash39'),(248,'Maya Adams','maya.a@webmail.com','$2y$10$e0MYzXy..randomhash40'),(249,'Layla Nelson','layla.n@service.org','$2y$10$e0MYzXy..randomhash41'),(250,'Chloe Baker','chloe.b@domain.com','$2y$10$e0MYzXy..randomhash42'),(251,'Mila Hall','mila.hall@outlook.com','$2y$10$e0MYzXy..randomhash43'),(252,'Nora Rivera','nora.r@provider.net','$2y$10$e0MYzXy..randomhash44'),(253,'Hazel Campbell','hazel.c@gmail.com','$2y$10$e0MYzXy..randomhash45'),(254,'Lily Mitchell','lily.m@company.io','$2y$10$e0MYzXy..randomhash46'),(255,'Elena Carter','elena.c@webmail.com','$2y$10$e0MYzXy..randomhash47'),(256,'Violet Roberts','violet.r@service.org','$2y$10$e0MYzXy..randomhash48'),(257,'Aurora Gomez','aurora.g@domain.com','$2y$10$e0MYzXy..randomhash49'),(258,'Penelope Phillips','penelope.p@outlook.com','$2y$10$e0MYzXy..randomhash50'),(259,'Zane Porter','zane.p@example.net','secure_pass_491'),(260,'Quinn Rafferty','quinn.raf@provider.io','secure_pass_492'),(261,'Riley Sterling','riley.s@webmail.org','secure_pass_493'),(262,'Sloane Thatcher','sloane.t@company.com','secure_pass_494'),(263,'Thatcher Underwood','t.under@service.net','secure_pass_495'),(264,'Ulysses Vance','ulysses.v@outlook.com','secure_pass_496'),(265,'Veda Watson','veda.w@domain.io','secure_pass_497'),(266,'Willa Xander','willa.x@example.org','secure_pass_498'),(267,'Xavier York','xavier.y@provider.com','secure_pass_499'),(268,'Yara Zane','yara.zane@webmail.com','final_record_500');
/*!40000 ALTER TABLE `users` ENABLE KEYS */;
UNLOCK TABLES;

--
-- Table structure for table `wishlist`
--

DROP TABLE IF EXISTS `wishlist`;
/*!40101 SET @saved_cs_client     = @@character_set_client */;
/*!50503 SET character_set_client = utf8mb4 */;
CREATE TABLE `wishlist` (
  `product_id` bigint NOT NULL,
  `user_id` bigint NOT NULL,
  PRIMARY KEY (`product_id`,`user_id`),
  KEY `fk_wishlist_on_user` (`user_id`),
  CONSTRAINT `fk_wishlist_on_product` FOREIGN KEY (`product_id`) REFERENCES `products` (`id`) ON DELETE CASCADE,
  CONSTRAINT `fk_wishlist_on_user` FOREIGN KEY (`user_id`) REFERENCES `users` (`id`)
) ENGINE=InnoDB DEFAULT CHARSET=utf8mb4 COLLATE=utf8mb4_0900_ai_ci;
/*!40101 SET character_set_client = @saved_cs_client */;

--
-- Dumping data for table `wishlist`
--

LOCK TABLES `wishlist` WRITE;
/*!40000 ALTER TABLE `wishlist` DISABLE KEYS */;
/*!40000 ALTER TABLE `wishlist` ENABLE KEYS */;
UNLOCK TABLES;
/*!40103 SET TIME_ZONE=@OLD_TIME_ZONE */;

/*!40101 SET SQL_MODE=@OLD_SQL_MODE */;
/*!40014 SET FOREIGN_KEY_CHECKS=@OLD_FOREIGN_KEY_CHECKS */;
/*!40014 SET UNIQUE_CHECKS=@OLD_UNIQUE_CHECKS */;
/*!40101 SET CHARACTER_SET_CLIENT=@OLD_CHARACTER_SET_CLIENT */;
/*!40101 SET CHARACTER_SET_RESULTS=@OLD_CHARACTER_SET_RESULTS */;
/*!40101 SET COLLATION_CONNECTION=@OLD_COLLATION_CONNECTION */;
/*!40111 SET SQL_NOTES=@OLD_SQL_NOTES */;

-- Dump completed on 2026-04-13 17:03:37
